epoch,train_loss,train_accuracy,test_loss,test_accuracy,train_gate_0,train_gate_1,train_gate_2,train_gate_3,test_gate_0,test_gate_1,test_gate_2,test_gate_3
1.0,0.8145214581489563,0.8165000081062317,1.0937353806062178,0.6790909171104431,0.10619061440229416,0.04696838557720184,0.4141860902309418,0.4326549768447876,0.16528375446796417,0.042740605771541595,0.3667903244495392,0.42518535256385803
2.0,0.4175310730934143,0.8989999890327454,0.8171461811932651,0.7327272891998291,0.0665675550699234,0.015084921382367611,0.50221848487854,0.41612890362739563,0.10895394533872604,0.011587207205593586,0.4472735822200775,0.43218526244163513
3.0,0.2602124710083008,0.9409999847412109,0.7185628977688876,0.7599999904632568,0.07273837178945541,0.013876751996576786,0.5279781222343445,0.3854067027568817,0.12891629338264465,0.009545275010168552,0.459665447473526,0.40187305212020874
4.0,0.17204300463199615,0.9679999947547913,0.6595311708883805,0.7827273011207581,0.06791262328624725,0.012824781239032745,0.5489155054092407,0.3703470528125763,0.1257147192955017,0.008638354949653149,0.4862685203552246,0.3793784976005554
5.0,0.12195560145378113,0.9800000190734863,0.6394858711416072,0.8018181920051575,0.06863605976104736,0.011762483045458794,0.5388015508651733,0.38079988956451416,0.13261544704437256,0.008375847712159157,0.46604102849960327,0.39296776056289673
6.0,0.0925515729188919,0.9890000224113464,0.622013135064732,0.8018181920051575,0.06954152137041092,0.01062858197838068,0.5481550097465515,0.37167486548423767,0.13674122095108032,0.0076150791719555855,0.466580867767334,0.3890628218650818
7.0,0.07189638173580169,0.9919999837875366,0.6264199556003918,0.7918182015419006,0.06901924312114716,0.010446902364492416,0.5450612306594849,0.37547266483306885,0.1366342306137085,0.007697170600295067,0.4653891623020172,0.3902794420719147
8.0,0.0583059099316597,0.9950000047683716,0.6259359804066744,0.7918182015419006,0.06812559813261032,0.010065856389701366,0.5479844808578491,0.37382400035858154,0.1340007334947586,0.007937703281641006,0.4557802081108093,0.40228140354156494
9.0,0.04815473797917366,0.9965000152587891,0.6271060742031445,0.7918182015419006,0.06921273469924927,0.009930807165801525,0.5463823676109314,0.37447410821914673,0.13521234691143036,0.007497549057006836,0.45211195945739746,0.40517812967300415
10.0,0.04108217906951904,0.9980000257492065,0.6391295030984011,0.7927272915840149,0.07105633616447449,0.01035214215517044,0.546391487121582,0.37220001220703125,0.13977260887622833,0.007473536301404238,0.45021334290504456,0.40254050493240356
11.0,0.03573258191347122,0.9984999895095825,0.6418206337365238,0.7909091114997864,0.07171666622161865,0.010225571691989899,0.5412834286689758,0.37677428126335144,0.14374187588691711,0.007384760770946741,0.43683987855911255,0.41203346848487854
12.0,0.03110532867908478,0.9990000128746033,0.6411097476157275,0.7954545617103577,0.07315410673618317,0.010337995365262032,0.5469246506690979,0.36958324909210205,0.14860090613365173,0.007802046835422516,0.44258448481559753,0.4010126292705536
13.0,0.027861536622047423,0.9994999766349792,0.6649705275622281,0.7863636612892151,0.07555374503135681,0.01093568466603756,0.538205623626709,0.3753049671649933,0.1538902372121811,0.007977309636771679,0.43812620639801025,0.4000062346458435
14.0,0.024867537468671798,1.0,0.6659199212897907,0.7872727513313293,0.07518596202135086,0.011151870712637901,0.538499116897583,0.3751630485057831,0.1509409248828888,0.007961017079651356,0.4380572438240051,0.4030408263206482
15.0,0.022336981728672982,1.0,0.6635117482055317,0.7863636612892151,0.07482491433620453,0.010559744201600552,0.5393258333206177,0.37528952956199646,0.14718197286128998,0.007499193772673607,0.4341330826282501,0.41118574142456055
16.0,0.020500098064541818,1.0,0.6777030389417301,0.7790908813476562,0.07584162056446075,0.010478464886546135,0.5317773222923279,0.3819024860858917,0.14921820163726807,0.007587953004986048,0.42206066846847534,0.42113322019577026
17.0,0.018595218032598497,1.0,0.6761354684829712,0.7827273011207581,0.07580847293138504,0.01084227580577135,0.5348057746887207,0.378543496131897,0.1528811901807785,0.008131314069032669,0.42270758748054504,0.4162799119949341
18.0,0.017182375222444535,1.0,0.6839103215390986,0.7809090614318848,0.07686351239681244,0.011493797414004803,0.5296351909637451,0.3820074498653412,0.1519176959991455,0.0084769232198596,0.4221465587615967,0.41745883226394653
19.0,0.01588525006175041,1.0,0.6860709670998834,0.7809090614318848,0.0780017077922821,0.011617070995271206,0.5306430459022522,0.37973812222480774,0.15365396440029144,0.008533050306141376,0.42191436886787415,0.4158986508846283
20.0,0.01474208052456379,1.0,0.6938428981195797,0.7790908813476562,0.07872258126735687,0.011048446409404278,0.5288729071617126,0.38135603070259094,0.15734389424324036,0.007771056145429611,0.41458484530448914,0.4203002452850342
21.0,0.013760481119155885,1.0,0.7007492641969161,0.778181791305542,0.0795317143201828,0.011183870024979115,0.5279927849769592,0.3812916576862335,0.16132237017154694,0.007737540174275637,0.4110125005245209,0.4199276268482208
22.0,0.012918419472873212,1.0,0.7134774373336272,0.774545431137085,0.0809662714600563,0.01173762883991003,0.5218347311019897,0.38546136021614075,0.16577579081058502,0.008186622522771358,0.4005131125450134,0.42552444338798523
23.0,0.012164754189550877,1.0,0.7173448877442967,0.7763636112213135,0.08228206634521484,0.012164970859885216,0.5193838477134705,0.38616904616355896,0.1676197648048401,0.008628164418041706,0.39721280336380005,0.42653927206993103
24.0,0.0114616669267416,1.0,0.7188163382356817,0.7736363410949707,0.0820930004119873,0.01226196438074112,0.5175889134407043,0.3880561590194702,0.16178277134895325,0.008704234845936298,0.40324607491493225,0.4262669086456299
25.0,0.010746214546263217,1.0,0.7185859858447855,0.7754545211791992,0.081546351313591,0.012353670783340931,0.5192521214485168,0.3868477940559387,0.16279977560043335,0.009111408144235611,0.40387845039367676,0.4242103397846222
26.0,0.01014692573994398,1.0,0.7233580725301396,0.7736363410949707,0.08277488499879837,0.012753072194755077,0.517522931098938,0.3869490623474121,0.16582298278808594,0.010044164955615997,0.39958423376083374,0.42454859614372253
27.0,0.009692722596228123,1.0,0.7294517291675915,0.7763636112213135,0.08419352024793625,0.01355008315294981,0.5129854679107666,0.38927093148231506,0.16871272027492523,0.011141323484480381,0.39352890849113464,0.4266170859336853
28.0,0.009212634526193142,1.0,0.73784601948478,0.774545431137085,0.08593229204416275,0.014225398190319538,0.5100094079971313,0.3898329436779022,0.17296287417411804,0.011978194117546082,0.38942578434944153,0.42563316226005554
29.0,0.010812659442424774,0.9994999766349792,0.7609616311029954,0.7645454406738281,0.08575531840324402,0.01490449532866478,0.5133065581321716,0.3860335648059845,0.19092240929603577,0.012583797797560692,0.37211379408836365,0.42438003420829773
30.0,0.011469891369342804,0.9994999766349792,0.7340577545491132,0.7772727012634277,0.08463283628225327,0.013916385360062122,0.5172449946403503,0.38420578837394714,0.17834514379501343,0.009900648146867752,0.39269834756851196,0.41905590891838074
31.0,0.010358264297246933,1.0,0.7167942743951624,0.7790908813476562,0.0758485347032547,0.015382003039121628,0.5286068320274353,0.38016262650489807,0.15158312022686005,0.014247962273657322,0.4398055970668793,0.3943633437156677
32.0,0.01204899051785469,0.9990000128746033,0.6987541058930484,0.7845454812049866,0.0674201026558876,0.016855314373970032,0.542781412601471,0.3729431629180908,0.1314423829317093,0.0181964710354805,0.4546658992767334,0.395695298910141
33.0,0.010650582686066628,0.9990000128746033,0.68672375516458,0.7936363816261292,0.06946571916341782,0.012814157642424107,0.5370977520942688,0.38062238693237305,0.1280922144651413,0.0066247847862541676,0.4624119699001312,0.4028710424900055
34.0,0.011017928287386894,0.9990000128746033,0.6971898783336986,0.7827273011207581,0.08483502268791199,0.01750979758799076,0.5222145318984985,0.3754406273365021,0.16909277439117432,0.010979835875332355,0.4083865284919739,0.41154080629348755
35.0,0.008525720790028573,1.0,0.7351817365126176,0.7772727012634277,0.07307440787553787,0.015005444176495075,0.545157790184021,0.3667623698711395,0.12943394482135773,0.006502647418528795,0.4676927626132965,0.39637067914009094
36.0,0.009764619685709476,0.9994999766349792,0.7810274155573411,0.7718181610107422,0.07102642208337784,0.010806428268551826,0.5143659710884094,0.4038011431694031,0.11509273946285248,0.003138309344649315,0.4064854383468628,0.47528353333473206
37.0,0.009207628130912781,0.9994999766349792,0.7538734168356115,0.7763636112213135,0.07874640822410583,0.013391398824751377,0.5261743664741516,0.3816877603530884,0.13399307429790497,0.00537152448669076,0.4270287752151489,0.4336066246032715
38.0,0.009363535486161709,0.9990000128746033,0.7470646037838676,0.7845454812049866,0.08421201258897781,0.014648131094872952,0.5278991460800171,0.3732406795024872,0.14369000494480133,0.008091255091130733,0.4151015281677246,0.43311721086502075
39.0,0.011356823429465293,0.9984999895095825,0.7467141202363101,0.7836363911628723,0.07254872471094131,0.014156184159219265,0.5181692838668823,0.39512577652931213,0.11321427673101425,0.008351645432412624,0.4219825863838196,0.45645153522491455
40.0,0.03863296772539616,0.9884999990463257,0.8149317570166155,0.7699999809265137,0.06768610328435898,0.014101051725447178,0.497150182723999,0.42106276750564575,0.11147314310073853,0.010678639635443687,0.4453848600387573,0.4324633777141571
41.0,0.06162574163079262,0.9819999933242798,0.6997777154228904,0.7890909314155579,0.07622195035219193,0.01939459517598152,0.5992567539215088,0.3051266670227051,0.11588349938392639,0.017022576183080673,0.48857709765434265,0.37851688265800476
42.0,0.02340690018236637,0.9965000152587891,0.7863953756202351,0.774545431137085,0.07985378801822662,0.02391831763088703,0.47532153129577637,0.4209063947200775,0.11651228368282318,0.017458125948905945,0.3881481885910034,0.47788146138191223
43.0,0.012314828760921956,0.9994999766349792,0.7468212764913386,0.778181791305542,0.08491845428943634,0.015626870095729828,0.49932488799095154,0.4001297950744629,0.1329973042011261,0.017056530341506004,0.40090030431747437,0.44904589653015137
44.0,0.011322586707770824,1.0,0.7719012628902089,0.7736363410949707,0.08569589257240295,0.012575054541230202,0.5337392687797546,0.36798974871635437,0.14263053238391876,0.019566573202610016,0.4673723876476288,0.37043049931526184
45.0,0.009034920047968626,1.0,0.7897517134926536,0.7736363410949707,0.0833415687084198,0.014353939332067966,0.526293933391571,0.3760105073451996,0.13735149800777435,0.02309819869697094,0.4707409739494324,0.3688093423843384
46.0,0.00757566898688674,1.0,0.7981222905895927,0.7663636207580566,0.08097349107265472,0.016582464799284935,0.5247037410736084,0.37774035334587097,0.13243943452835083,0.027804329991340637,0.46776190400123596,0.37199434638023376
47.0,0.00670348496735096,1.0,0.7899524160948667,0.7690908908843994,0.0826580822467804,0.01804308220744133,0.5247566103935242,0.374542236328125,0.13578304648399353,0.03070211596786976,0.4638209640979767,0.3696938753128052
48.0,0.006065111994743347,1.0,0.7786077589338476,0.7754545211791992,0.08428606390953064,0.01904926635324955,0.524223804473877,0.37244078516960144,0.1381112039089203,0.03201961889863014,0.4603840112686157,0.36948519945144653
49.0,0.005594754658639431,1.0,0.7685337896780534,0.774545431137085,0.08478058874607086,0.01981913298368454,0.5248411297798157,0.3705591857433319,0.13808420300483704,0.0313655287027359,0.462043434381485,0.36850684881210327
50.0,0.005292767621576786,1.0,0.7670222228223628,0.7809090614318848,0.08566947281360626,0.02147139050066471,0.5222453474998474,0.37061378359794617,0.13923953473567963,0.03315030038356781,0.4572947323322296,0.37031543254852295
51.0,0.00505019436776638,1.0,0.7668140235814181,0.7818182110786438,0.08667129278182983,0.0223930012434721,0.5199204087257385,0.3710152804851532,0.1411544382572174,0.034384842962026596,0.4520895779132843,0.372371107339859
52.0,0.00480381877720356,1.0,0.7691473089564931,0.778181791305542,0.08744239062070847,0.02306838147342205,0.517415463924408,0.372073769569397,0.1425083577632904,0.03497505187988281,0.44761887192726135,0.3748977482318878
53.0,0.0045765858739614486,1.0,0.7706427951292558,0.778181791305542,0.08792948722839355,0.023833705112338066,0.5157181024551392,0.37251871824264526,0.14322368800640106,0.034628335386514664,0.4460792541503906,0.37606871128082275
54.0,0.004419564813375473,1.0,0.7759435359998182,0.7754545211791992,0.08869967609643936,0.025838233530521393,0.51207035779953,0.37339168787002563,0.1442829817533493,0.03744791820645332,0.44088900089263916,0.3773801028728485
55.0,0.004291782565414906,1.0,0.7801057877323844,0.774545431137085,0.08979623764753342,0.0272523146122694,0.5085488557815552,0.37440258264541626,0.14551785588264465,0.040651414543390274,0.4352378845214844,0.3785928189754486
56.0,0.004172767896205186,1.0,0.7827922242338007,0.774545431137085,0.0906824916601181,0.02781408280134201,0.5066345930099487,0.37486883997917175,0.1473395675420761,0.04246817156672478,0.43116721510887146,0.37902504205703735
57.0,0.003953135292977095,1.0,0.7769490446827628,0.778181791305542,0.09142769128084183,0.0253911055624485,0.5085846185684204,0.37459662556648254,0.15048854053020477,0.03345443680882454,0.43666064739227295,0.37939634919166565
58.0,0.0038074556440114973,1.0,0.7773181621594862,0.7799999713897705,0.09184475988149643,0.024238014593720436,0.5091305375099182,0.37478670477867126,0.1527584344148636,0.028398945927619934,0.4392411708831787,0.3796014189720154
59.0,0.0036891244910657404,1.0,0.7784671662070535,0.7809090614318848,0.09199494123458862,0.024756189435720444,0.5080855488777161,0.3751632571220398,0.1538962721824646,0.028604719787836075,0.4379880428314209,0.3795109689235687
60.0,0.0036099994368851184,1.0,0.7822047624804757,0.7827273011207581,0.0925418809056282,0.026493515819311142,0.5056480169296265,0.3753165304660797,0.15568318963050842,0.03267843276262283,0.4320189654827118,0.3796194791793823
61.0,0.0035309286750853063,1.0,0.7840628218650818,0.7772727012634277,0.09258351475000381,0.02824627049267292,0.5044735074043274,0.37469664216041565,0.15611080825328827,0.03694643825292587,0.42847272753715515,0.3784700632095337
62.0,0.0034136196058243513,1.0,0.7864319322325967,0.7763636112213135,0.09266192466020584,0.028658714145421982,0.5040278434753418,0.37465155124664307,0.15691153705120087,0.03829212114214897,0.4261769652366638,0.37861934304237366
63.0,0.003270337203517556,1.0,0.7905579460750927,0.7827273011207581,0.09325247257947922,0.024660812690854073,0.5033571124076843,0.37872955203056335,0.16009412705898285,0.02121465839445591,0.42180192470550537,0.396889328956604
64.0,0.0031982993111014366,1.0,0.7975696244023063,0.7809090614318848,0.09387098997831345,0.023247787728905678,0.5004099607467651,0.3824712932109833,0.1620565950870514,0.015428690239787102,0.4130789041519165,0.40943583846092224
65.0,0.0031273663956671955,1.0,0.8013047929243607,0.7799999713897705,0.09486346691846848,0.022257570177316666,0.49753570556640625,0.3853432536125183,0.16449907422065735,0.013539091683924198,0.40767529606819153,0.41428661346435547
66.0,0.003043563719838858,1.0,0.8024410623853857,0.7827273011207581,0.09548250585794449,0.02147357538342476,0.49570804834365845,0.38733595609664917,0.16625484824180603,0.012520682998001575,0.4042382538318634,0.4169861972332001
67.0,0.0029697340056300163,1.0,0.8036994646896015,0.7845454812049866,0.09597361832857132,0.022332526743412018,0.4940912425518036,0.3876025974750519,0.16867798566818237,0.013563167303800583,0.4004252254962921,0.41733360290527344
68.0,0.0029008809011429547,1.0,0.8046577498045835,0.7863636612892151,0.09623433649539948,0.024155639111995697,0.4924435019493103,0.38716647028923035,0.17049744725227356,0.015642184764146805,0.3970906138420105,0.41676974296569824
69.0,0.0028504191152751448,1.0,0.8072300855679946,0.7854545712471008,0.0962437316775322,0.026604564860463142,0.4902006983757019,0.3869510591030121,0.17151233553886414,0.0182650089263916,0.3941289782524109,0.41609373688697815
70.0,0.0027990197446197272,1.0,0.8089598613435571,0.7827273011207581,0.09607595950365067,0.02873357944190502,0.48908665776252747,0.3861037790775299,0.1716299057006836,0.02084524929523468,0.3928069770336151,0.4147178530693054
71.0,0.002694374643266201,1.0,0.80838698127053,0.7818182110786438,0.09583717584609985,0.029245933517813683,0.48927557468414307,0.3856413662433624,0.1719161570072174,0.021101754158735275,0.39283376932144165,0.4141483008861542
72.0,0.0026395522691309453,1.0,0.809274557612159,0.7809090614318848,0.09565461426973343,0.029986992478370667,0.4883699119091034,0.3859885036945343,0.17234060168266296,0.022059805691242218,0.3909990191459656,0.41460058093070984
73.0,0.002584287649020553,1.0,0.8120566711642525,0.7809090614318848,0.09602947533130646,0.03070349059998989,0.4864581823348999,0.3868088722229004,0.17389962077140808,0.02338702417910099,0.38758453726768494,0.41512879729270935
74.0,0.0025302305296063424,1.0,0.8140178682587363,0.7818182110786438,0.09664920717477798,0.03084658272564411,0.4855002164840698,0.38700398802757263,0.17544874548912048,0.02443651109933853,0.38520845770835876,0.41490626335144043
75.0,0.0024650261625647546,1.0,0.8158735786784779,0.7799999713897705,0.09741216897964478,0.03051852434873581,0.4851740002632141,0.3868953287601471,0.17744576930999756,0.0243700984865427,0.3841516673564911,0.4140324890613556
76.0,0.002405840067192912,1.0,0.8170498544519598,0.7809090614318848,0.0976792573928833,0.03036331571638584,0.4841809868812561,0.38777637481689453,0.17772714793682098,0.024043576791882515,0.38390281796455383,0.41432642936706543
77.0,0.0023644040152430534,1.0,0.8094844543933868,0.7836363911628723,0.09805628657341003,0.030698262155056,0.48262888193130493,0.3886164724826813,0.17581328749656677,0.026405759155750275,0.38294559717178345,0.4148353636264801
78.0,0.0023340718783438205,1.0,0.8107144846699454,0.7818182110786438,0.09832650423049927,0.03176850453019142,0.48070481419563293,0.38920024037361145,0.1757245659828186,0.028677906841039658,0.3807685077190399,0.41482898592948914
79.0,0.0022765000760555268,1.0,0.8125684687224302,0.7818182110786438,0.09770231693983078,0.03249805048108101,0.480445921421051,0.3893537223339081,0.17432823777198792,0.030224107205867767,0.38023146986961365,0.41521623730659485
80.0,0.002243279768154025,1.0,0.8154465300386602,0.7809090614318848,0.097854383289814,0.03371003642678261,0.47895708680152893,0.3894784450531006,0.1750364601612091,0.03237488493323326,0.3771542012691498,0.41543442010879517
81.0,0.0022077061738818883,1.0,0.8188584673404694,0.7809090614318848,0.0982404500246048,0.03480435162782669,0.478138267993927,0.38881686329841614,0.17709800601005554,0.033840328454971313,0.373833030462265,0.4152286648750305
82.0,0.0021609358713030814,1.0,0.8208377011255784,0.7818182110786438,0.09876461327075958,0.03510137274861336,0.4774443805217743,0.3886896073818207,0.1789463460445404,0.03500597923994064,0.37040945887565613,0.415638267993927
83.0,0.0021100328397005794,1.0,0.8232183294946497,0.7799999713897705,0.09865953028202057,0.035791072994470596,0.47679468989372253,0.3887547254562378,0.18039870262145996,0.03597421199083328,0.3669741153717041,0.41665297746658325
84.0,0.002059696113690734,1.0,0.8382677360014482,0.778181791305542,0.09899252653121948,0.034536171704530716,0.47548526525497437,0.3909860849380493,0.18513499200344086,0.03042357973754406,0.3642961382865906,0.42014530301094055
85.0,0.0020361656583845616,1.0,0.854509091052142,0.778181791305542,0.0983920618891716,0.03560953959822655,0.47298169136047363,0.3930166959762573,0.18311592936515808,0.030325233936309814,0.3626439869403839,0.4239148795604706
86.0,0.0020361772533506154,1.0,0.8580825603008271,0.7763636112213135,0.09795760363340378,0.037429943680763245,0.4708445370197296,0.39376795291900635,0.17887264490127563,0.032821547240018845,0.36211487650871277,0.42619094252586365
87.0,0.0019505721498280764,1.0,0.8431989013064991,0.778181791305542,0.0960259735584259,0.037086647003889084,0.4730532169342041,0.3938342034816742,0.16625851392745972,0.0315595306456089,0.3739866316318512,0.42819535732269287
88.0,0.0018878679759800434,1.0,0.8276574224775488,0.7836363911628723,0.09383277595043182,0.03701791912317276,0.4775720536708832,0.3915773034095764,0.15135952830314636,0.03187346085906029,0.39051780104637146,0.4262492060661316
89.0,0.001853361463174224,1.0,0.8273606898567893,0.7799999713897705,0.09367402642965317,0.03781178966164589,0.47829461097717285,0.3902195394039154,0.14727242290973663,0.0339607372879982,0.3948092758655548,0.42395755648612976
90.0,0.0018204120490700007,1.0,0.8307000360705635,0.7818182110786438,0.09423880279064178,0.03823007643222809,0.4771980941295624,0.3903329372406006,0.14790242910385132,0.035934388637542725,0.3925141990184784,0.4236488938331604
91.0,0.0017832496240735053,1.0,0.8350416920401833,0.7818182110786438,0.0951981469988823,0.0380682572722435,0.47562819719314575,0.39110538363456726,0.15118105709552765,0.03685760498046875,0.3884672522544861,0.4234941005706787
92.0,0.0017746829986572267,1.0,0.8382602128115567,0.7809090614318848,0.09593319147825241,0.03939555212855339,0.47325167059898376,0.39141955971717834,0.15426130592823029,0.03902335464954376,0.3834008276462555,0.42331448197364807
93.0,0.001760023425333202,1.0,0.841728349165483,0.7809090614318848,0.09638664126396179,0.04047501087188721,0.4706667363643646,0.39247167110443115,0.15650929510593414,0.0405425950884819,0.3785949945449829,0.42435315251350403
94.0,0.0017500184159725905,1.0,0.8458411648056724,0.7809090614318848,0.09689758718013763,0.04135124385356903,0.46772119402885437,0.39403000473976135,0.15899044275283813,0.04197429120540619,0.3737083971500397,0.4253269135951996
95.0,0.001702234269119799,1.0,0.8501208636977455,0.7799999713897705,0.09731247276067734,0.040676943957805634,0.4666721820831299,0.39533841609954834,0.1615181714296341,0.04165317118167877,0.3716610372066498,0.42516764998435974
96.0,0.0016651899171993135,1.0,0.8531182128732855,0.7772727012634277,0.09761219471693039,0.040624991059303284,0.466643363237381,0.39511942863464355,0.16376937925815582,0.04273392632603645,0.3702927231788635,0.4232039451599121
97.0,0.001629298958927393,1.0,0.8560029422153126,0.7772727012634277,0.09805741906166077,0.040570423007011414,0.46623870730400085,0.39513343572616577,0.16662688553333282,0.04359060898423195,0.36669978499412537,0.42308273911476135
98.0,0.0016316377790644766,1.0,0.8596775465661829,0.7754545211791992,0.09835879504680634,0.04146277531981468,0.46418604254722595,0.3959923982620239,0.16851656138896942,0.04562438651919365,0.36167651414871216,0.4241825044155121
99.0,0.001637234820984304,1.0,0.8624670172821391,0.7754545211791992,0.09865986555814743,0.044078279286623,0.4608364999294281,0.39642542600631714,0.1700388640165329,0.04998398572206497,0.3563130497932434,0.4236640930175781
100.0,0.0016591767724603414,1.0,0.863084525086663,0.7754545211791992,0.0984085202217102,0.04664034768939018,0.4575982689857483,0.3973528742790222,0.16632898151874542,0.054569635540246964,0.3537129759788513,0.425388365983963
101.0,0.0015920040952041746,1.0,0.8621266902576793,0.774545431137085,0.09811485558748245,0.047133661806583405,0.4573553204536438,0.39739617705345154,0.16418024897575378,0.056788794696331024,0.3532370328903198,0.4257938861846924
102.0,0.0015371163599193097,1.0,0.8619380909746344,0.774545431137085,0.0981278270483017,0.046911947429180145,0.4574129581451416,0.39754727482795715,0.1637093722820282,0.05789843201637268,0.3532267212867737,0.42516544461250305
103.0,0.0015182164562866092,1.0,0.8625530795617538,0.7754545211791992,0.0981779471039772,0.04803868383169174,0.45685234665870667,0.396930992603302,0.16465413570404053,0.05842164531350136,0.35315003991127014,0.42377418279647827
104.0,0.0015262426324188709,1.0,0.8589484403350136,0.7736363410949707,0.09787539392709732,0.05103105306625366,0.4558461606502533,0.3952474296092987,0.1640552282333374,0.06330354511737823,0.3522132635116577,0.42042797803878784
105.0,0.0014815442822873593,1.0,0.8400478637218476,0.7809090614318848,0.09526853263378143,0.051811013370752335,0.45523154735565186,0.39768892526626587,0.1494583636522293,0.0645228773355484,0.350525438785553,0.4354933202266693
106.0,0.0032480762526392935,0.9994999766349792,0.8436212959072806,0.7799999713897705,0.0862969160079956,0.05426153913140297,0.4545332193374634,0.40490832924842834,0.1358325183391571,0.06279411911964417,0.34711113572120667,0.45426222681999207
107.0,0.0015105332396924496,1.0,0.7741740865057165,0.7990909218788147,0.09021799266338348,0.05699263513088226,0.46430352330207825,0.388485848903656,0.14809991419315338,0.07725496590137482,0.35149821639060974,0.4231468141078949
108.0,0.0014742882819846273,1.0,0.7787286303260109,0.7954545617103577,0.08939793705940247,0.057608749717473984,0.4647907316684723,0.38820260763168335,0.14504766464233398,0.08066651970148087,0.3584132492542267,0.4158725440502167
109.0,0.004171452455222607,0.9994999766349792,0.8212802609530362,0.7900000214576721,0.08238163590431213,0.06067874655127525,0.46191278100013733,0.3950268626213074,0.12674035131931305,0.08096571266651154,0.36810874938964844,0.424185186624527
110.0,0.0014076164877042175,1.0,0.8246543339165774,0.7900000214576721,0.07884814590215683,0.06319878250360489,0.47250568866729736,0.3854474127292633,0.14209941029548645,0.0758858472108841,0.3724415898323059,0.40957316756248474
111.0,0.010665828198194503,0.9984999895095825,0.7940894388068807,0.7900000214576721,0.06464214622974396,0.066584512591362,0.4941292107105255,0.37464413046836853,0.09546827524900436,0.07848546653985977,0.41430723667144775,0.41173896193504333
112.0,0.004410581586882472,0.9994999766349792,0.7880110527439551,0.7945454716682434,0.079850934445858,0.07120354473590851,0.46711573004722595,0.38182979822158813,0.13499590754508972,0.07969377934932709,0.3593427240848541,0.4259675443172455
113.0,0.002818861197680235,0.9994999766349792,0.7620579651269046,0.8063636422157288,0.07028160244226456,0.07128812372684479,0.4811854362487793,0.37724483013153076,0.10916373878717422,0.07483916729688644,0.4049016833305359,0.41109538078308105
114.0,0.003821042649447918,0.9994999766349792,0.7706394086100838,0.7981818318367004,0.06428910046815872,0.056193042546510696,0.5000492930412292,0.37946847081184387,0.10797525942325592,0.05857507139444351,0.4316672682762146,0.40178242325782776
115.0,0.015242492308840156,0.996999979019165,0.906586374803023,0.7672727108001709,0.0911063551902771,0.038301531225442886,0.4925983250141144,0.3779938220977783,0.17792440950870514,0.04699147492647171,0.40270692110061646,0.37237730622291565
116.0,0.0026612125337123873,1.0,0.8058081010254947,0.7881818413734436,0.06885012984275818,0.03908725827932358,0.5099811553955078,0.3820814788341522,0.12245651334524155,0.05527110397815704,0.4515489339828491,0.3707233667373657
117.0,0.0028958002403378486,1.0,0.7744091418656436,0.7900000214576721,0.06048543378710747,0.04133264720439911,0.5384990572929382,0.3596827983856201,0.09500880539417267,0.05955538526177406,0.49553266167640686,0.3499031066894531
118.0,0.0019559599850326776,1.0,0.7574803461269899,0.7945454716682434,0.06508897989988327,0.04404795542359352,0.5209829211235046,0.36988013982772827,0.09944991022348404,0.059769053012132645,0.4596852660179138,0.3810957670211792
119.0,0.0020987465176731347,1.0,0.7684984158385884,0.7972727417945862,0.0713234692811966,0.044804420322179794,0.5038443207740784,0.3800278306007385,0.11204380542039871,0.059350136667490005,0.42935600876808167,0.3992500305175781
120.0,0.0018363485652953386,1.0,0.7672367105700753,0.7909091114997864,0.07442671060562134,0.0469081737101078,0.5010434985160828,0.37762171030044556,0.11932133138179779,0.06273134052753448,0.4251764118671417,0.3927709460258484
121.0,0.0016134601635858416,1.0,0.7715328276157379,0.7918182015419006,0.07724058628082275,0.04337887838482857,0.49852991104125977,0.3808506727218628,0.1251310557126999,0.05517980828881264,0.4232810139656067,0.3964081406593323
122.0,0.0014989282805472613,1.0,0.776020378632979,0.7936363816261292,0.07859142124652863,0.044224128127098083,0.4926266372203827,0.3845578134059906,0.12770535051822662,0.05565335601568222,0.4162655770778656,0.40037569403648376
123.0,0.0014355291919782758,1.0,0.7792685354839671,0.7936363816261292,0.07960977405309677,0.047223079949617386,0.4866224527359009,0.38654473423957825,0.12888255715370178,0.06122436374425888,0.4076433777809143,0.4022497236728668
124.0,0.00143513566814363,1.0,0.782548464753411,0.7918182015419006,0.08005674183368683,0.051133714616298676,0.47913506627082825,0.38967442512512207,0.12812383472919464,0.06845839321613312,0.3979535698890686,0.40546420216560364
125.0,0.001431453158147633,1.0,0.7895656096935272,0.7927272915840149,0.08108770847320557,0.0533510260283947,0.4727836847305298,0.39277756214141846,0.12882383167743683,0.07438671588897705,0.390506386756897,0.40628308057785034
126.0,0.001405909295193851,1.0,0.7977339632944628,0.7927272915840149,0.0827416256070137,0.05421575903892517,0.46684494614601135,0.39619773626327515,0.1302803009748459,0.07746747136116028,0.38670408725738525,0.4055481255054474
127.0,0.0014679621579125523,1.0,0.7745336306095123,0.7936363816261292,0.08210275322198868,0.05432664602994919,0.4721308648586273,0.3914397358894348,0.12873315811157227,0.0798618420958519,0.3973827660083771,0.39402225613594055
128.0,0.0012815187592059374,1.0,0.7576496855779128,0.7945454716682434,0.08153501152992249,0.046366069465875626,0.48049667477607727,0.39160215854644775,0.1218072772026062,0.07018669694662094,0.4116556942462921,0.39635032415390015
129.0,0.0012101841606199741,1.0,0.7652637985619631,0.7918182015419006,0.08255064487457275,0.04309059679508209,0.4831615686416626,0.39119720458984375,0.12059928476810455,0.06817439198493958,0.4157589375972748,0.3954674005508423
130.0,0.004766104048117995,0.9984999895095825,0.878756645376032,0.7754545211791992,0.08375346660614014,0.04340915381908417,0.4350908100605011,0.437746524810791,0.1206541433930397,0.0744313895702362,0.36310940980911255,0.44180506467819214
131.0,0.0051067826692014935,0.9990000128746033,0.8473410390723836,0.778181791305542,0.08045599609613419,0.046839285641908646,0.46066656708717346,0.4120382070541382,0.11897092312574387,0.0808258205652237,0.3808804452419281,0.41932275891304016
132.0,0.004273106081411243,0.9994999766349792,0.8429879206960852,0.7790908813476562,0.08439034223556519,0.04443153366446495,0.4772423505783081,0.39393582940101624,0.12109194695949554,0.07471167296171188,0.3900333344936371,0.4141629934310913
133.0,0.002400939589366317,1.0,0.7944840211759914,0.7881818413734436,0.09617291390895844,0.03600703552365303,0.4901350140571594,0.3776850998401642,0.155292809009552,0.041730429977178574,0.3997190296649933,0.40325772762298584
134.0,0.006148221116513014,0.9994999766349792,0.7863736694509332,0.7972727417945862,0.09780730307102203,0.03162253648042679,0.5043574571609497,0.36621272563934326,0.1573818027973175,0.031811248511075974,0.42234620451927185,0.38846075534820557
135.0,0.01231900117173791,0.9965000152587891,0.7874067536267367,0.7818182110786438,0.07506957650184631,0.046210162341594696,0.5404145121574402,0.3383057713508606,0.12988366186618805,0.06306428462266922,0.5150175094604492,0.2920345366001129
136.0,0.004796348324045539,1.0,0.8354844964634288,0.7790908813476562,0.0779615044593811,0.04348310828208923,0.5158613324165344,0.3626940846443176,0.14149388670921326,0.05763852968811989,0.5008305907249451,0.3000369966030121
137.0,0.004243653371930122,0.9994999766349792,0.8677340917153792,0.7699999809265137,0.08577900379896164,0.03567814454436302,0.4841172397136688,0.3944256007671356,0.15665988624095917,0.037212129682302475,0.4492199420928955,0.35690805315971375
138.0,0.0028075665505602958,1.0,0.8644859057123011,0.7690908908843994,0.08385786414146423,0.03290309011936188,0.4879778027534485,0.3952611982822418,0.146564319729805,0.03175900876522064,0.4470815360546112,0.37459510564804077
139.0,0.0018836517482995988,1.0,0.84197992189364,0.7727272510528564,0.08766091614961624,0.03423673287034035,0.503233790397644,0.37486860156059265,0.1513989269733429,0.03175893425941467,0.4675830602645874,0.34925904870033264
140.0,0.0041719916760921474,0.9984999895095825,0.8554691313071684,0.7645454406738281,0.09955110400915146,0.03358715772628784,0.4936971068382263,0.37316468358039856,0.18345323204994202,0.031035399064421654,0.45297732949256897,0.3325340449810028
141.0,0.003701512074097991,0.9994999766349792,0.858174934387207,0.7663636207580566,0.09894642233848572,0.035543717443943024,0.49261876940727234,0.3728911280632019,0.17731846868991852,0.033886875957250595,0.4495425522327423,0.33925214409828186
142.0,0.0017147758230566979,1.0,0.8487304423072122,0.7699999809265137,0.09701502323150635,0.0363498255610466,0.49563488364219666,0.3710002601146698,0.1691119372844696,0.03663897514343262,0.44921767711639404,0.3450314402580261
143.0,0.0014684137692674995,1.0,0.838759703148495,0.7718181610107422,0.09485766291618347,0.03774649649858475,0.49740496277809143,0.36999091506004333,0.15753522515296936,0.03871655836701393,0.455142617225647,0.34860557317733765
144.0,0.0013929747268557548,1.0,0.8448807423223149,0.774545431137085,0.0944472998380661,0.03945847973227501,0.4961886703968048,0.369905561208725,0.1534806340932846,0.040977127850055695,0.4543260931968689,0.3512161672115326
145.0,0.0013444977588951588,1.0,0.8482591405781833,0.7718181610107422,0.09571102261543274,0.04095316305756569,0.49175670742988586,0.371579110622406,0.16077753901481628,0.04274282231926918,0.4408539831638336,0.35562559962272644
146.0,0.0013122870307415724,1.0,0.8561962157487869,0.7699999809265137,0.09660568088293076,0.04206867888569832,0.48856058716773987,0.3727650046348572,0.16859672963619232,0.04434109479188919,0.42738983035087585,0.35967233777046204
147.0,0.001282420614734292,1.0,0.866240943941203,0.7672727108001709,0.09732508659362793,0.04310135170817375,0.4855133593082428,0.37406018376350403,0.17275168001651764,0.04619213566184044,0.41926851868629456,0.3617876470088959
148.0,0.0012458632616326212,1.0,0.8730378321084109,0.7672727108001709,0.09724794328212738,0.043532222509384155,0.4837900698184967,0.37542980909347534,0.17282800376415253,0.04707833752036095,0.415880411863327,0.364213228225708
149.0,0.0012079146597534418,1.0,0.8633010224320672,0.7709090709686279,0.097641721367836,0.04450235888361931,0.4821968972682953,0.3756590485572815,0.16761979460716248,0.04940491169691086,0.4170447587966919,0.36593061685562134
150.0,0.001179973242804408,1.0,0.8660794660178098,0.7718181610107422,0.09776376187801361,0.04597066715359688,0.48157963156700134,0.37468597292900085,0.16214124858379364,0.05225084722042084,0.4203721880912781,0.36523571610450745
151.0,0.0011562399687245488,1.0,0.8721394364400343,0.7718181610107422,0.0983453094959259,0.04777278006076813,0.47977495193481445,0.37410691380500793,0.1621156632900238,0.05532240867614746,0.41710996627807617,0.36545202136039734
152.0,0.0011516475807875396,1.0,0.8792416776310313,0.7736363410949707,0.0993819311261177,0.049381159245967865,0.47663918137550354,0.3745977580547333,0.16374363005161285,0.058676064014434814,0.4107603430747986,0.36681997776031494
153.0,0.0011413602866232396,1.0,0.8852856406840411,0.7736363410949707,0.10036608576774597,0.050773900002241135,0.4736157953739166,0.37524425983428955,0.16588181257247925,0.06107940524816513,0.40531495213508606,0.3677237927913666
154.0,0.0011267726020887494,1.0,0.8904639414765618,0.7727272510528564,0.10071256756782532,0.05230815336108208,0.47064924240112305,0.37633001804351807,0.16709449887275696,0.0634010061621666,0.40047669410705566,0.3690277934074402
155.0,0.0010808198740705848,1.0,0.8916513094035062,0.7736363410949707,0.10154731571674347,0.0518953874707222,0.4693903923034668,0.37716686725616455,0.16794247925281525,0.06325329840183258,0.39592066407203674,0.37288349866867065
156.0,0.001048838677816093,1.0,0.8925685431740501,0.7763636112213135,0.10182444751262665,0.05127031356096268,0.4691285490989685,0.3777766227722168,0.16827332973480225,0.06300126761198044,0.39340826869010925,0.3753170967102051
157.0,0.0010235757408663631,1.0,0.891929633400657,0.7790908813476562,0.10230495035648346,0.050449665635824203,0.4689202904701233,0.37832513451576233,0.16975708305835724,0.060583293437957764,0.3929310142993927,0.3767286241054535
158.0,0.0009630597149953246,1.0,0.8830348128622229,0.7809090614318848,0.09686096757650375,0.05021826922893524,0.47544336318969727,0.37747734785079956,0.14921636879444122,0.05843617394566536,0.4135512411594391,0.378796249628067
159.0,0.0009574834601953626,1.0,0.881355354569175,0.778181791305542,0.09443151205778122,0.05129005014896393,0.4758477210998535,0.37843072414398193,0.14182516932487488,0.05882691964507103,0.41886237263679504,0.38048553466796875
160.0,0.0009536688197404146,1.0,0.8851227956468408,0.7790908813476562,0.09421023726463318,0.052630141377449036,0.4725496470928192,0.380609929561615,0.1409761905670166,0.06092453747987747,0.41485095024108887,0.38324838876724243
161.0,0.0009518653526902199,1.0,0.8894278861175884,0.7772727012634277,0.09509721398353577,0.0544748418033123,0.4684077203273773,0.3820202350616455,0.14242017269134521,0.06393731385469437,0.40849679708480835,0.3851456642150879
162.0,0.0009548048796132207,1.0,0.8919732645424929,0.7772727012634277,0.09625167399644852,0.05609038099646568,0.46440958976745605,0.38324838876724243,0.14464503526687622,0.06688203662633896,0.4018586277961731,0.38661429286003113
163.0,0.0009552102489396929,1.0,0.8926371895183216,0.7754545211791992,0.09707369655370712,0.05728469789028168,0.46184924244880676,0.38379237055778503,0.1468406319618225,0.06920448690652847,0.39662182331085205,0.38733312487602234
164.0,0.0009556909548118711,1.0,0.8955388404022564,0.774545431137085,0.09736663848161697,0.05890905484557152,0.4596700072288513,0.3840542733669281,0.14872422814369202,0.07355929911136627,0.39009594917297363,0.3876205086708069
165.0,0.0009600804438814521,1.0,0.9007694993235849,0.7763636112213135,0.09750398248434067,0.061199165880680084,0.4565206468105316,0.38477617502212524,0.15053211152553558,0.07931799441576004,0.38224247097969055,0.3879074156284332
166.0,0.0008921251315623522,1.0,0.9022519553791393,0.7754545211791992,0.09833420068025589,0.05844928324222565,0.4568023085594177,0.38641414046287537,0.15491928160190582,0.07361800968647003,0.38198113441467285,0.3894816040992737
167.0,0.0008732967348769308,1.0,0.9054716973954982,0.774545431137085,0.09880157560110092,0.05817205086350441,0.4558916687965393,0.38713473081588745,0.15761703252792358,0.07161106914281845,0.38089627027511597,0.3898756206035614
168.0,0.0015832369048148394,0.9994999766349792,0.8689088077978654,0.7790908813476562,0.09962955117225647,0.05214819684624672,0.4525177776813507,0.395704448223114,0.16182012856006622,0.046223532408475876,0.36707767844200134,0.42487865686416626
169.0,0.0014062735298648477,0.9994999766349792,0.8781438634612343,0.7772727012634277,0.09967624396085739,0.04909829422831535,0.45108485221862793,0.400140643119812,0.16338345408439636,0.041953351348638535,0.35910841822624207,0.43555477261543274
170.0,0.0009290938815101981,1.0,0.8703506811098619,0.778181791305542,0.09798742085695267,0.0528610534965992,0.45993292331695557,0.38921859860420227,0.1623600870370865,0.04685410484671593,0.3705091178417206,0.4202767014503479
171.0,0.000982680218294263,1.0,0.8398246602578596,0.7863636612892151,0.09604127705097198,0.057979438453912735,0.4732076823711395,0.37277162075042725,0.1569262593984604,0.056742530316114426,0.410794734954834,0.37553641200065613
172.0,0.002111694491002709,0.9994999766349792,0.8313291521505876,0.7881818413734436,0.09542127698659897,0.05978924781084061,0.4824399948120117,0.3623495101928711,0.15609075129032135,0.06102050840854645,0.43714913725852966,0.34573957324028015
173.0,0.0010398814151994884,1.0,0.8282360849597238,0.7881818413734436,0.09500827640295029,0.0602089948952198,0.48301243782043457,0.36177027225494385,0.15485753118991852,0.06267000734806061,0.4460042715072632,0.3364682197570801
174.0,0.0009209913988597691,1.0,0.8536436332355846,0.7845454812049866,0.0944104790687561,0.06198132783174515,0.47573205828666687,0.3678761422634125,0.15480439364910126,0.06511550396680832,0.4332466721534729,0.3468334376811981
175.0,0.0009880349910818041,1.0,0.8811727255040949,0.7809090614318848,0.09346308559179306,0.06503988057374954,0.46413886547088623,0.37735816836357117,0.15492045879364014,0.06722867488861084,0.4113473892211914,0.36650350689888
176.0,0.0009124694070778787,1.0,0.891817617524754,0.7790908813476562,0.09381452947854996,0.06414103507995605,0.46086299419403076,0.38118141889572144,0.15561360120773315,0.0634877011179924,0.4053199887275696,0.37557870149612427
177.0,0.0008596521094441414,1.0,0.8967130198261954,0.778181791305542,0.09412657469511032,0.06411993503570557,0.45910024642944336,0.38265326619148254,0.1568034291267395,0.062386654317379,0.4008626937866211,0.3799472451210022
178.0,0.0008436118820682168,1.0,0.9001024296066977,0.7790908813476562,0.09446004033088684,0.06643148511648178,0.4551655352115631,0.38394296169281006,0.15920433402061462,0.06376437842845917,0.39510148763656616,0.38192978501319885
179.0,0.0008399302824400365,1.0,0.9027281792597337,0.7790908813476562,0.09472716599702835,0.06873083859682083,0.45226868987083435,0.38427338004112244,0.16127769649028778,0.0656261071562767,0.39087003469467163,0.3822261691093445
180.0,0.000827695672865957,1.0,0.9027381090684371,0.7790908813476562,0.09439779818058014,0.07038377970457077,0.4515063464641571,0.3837120532989502,0.16124865412712097,0.06757054477930069,0.38969480991363525,0.3814859688282013
181.0,0.0007824680861085653,1.0,0.9026927348700436,0.7790908813476562,0.09515747427940369,0.06956501305103302,0.45255041122436523,0.38272714614868164,0.16156379878520966,0.06770572066307068,0.3888828754425049,0.3818475604057312
182.0,0.0007705559148453176,1.0,0.9045943015271967,0.7799999713897705,0.0954388752579689,0.07055774331092834,0.45117291808128357,0.3828304708003998,0.1625065803527832,0.06941943615674973,0.3851686716079712,0.38290536403656006
183.0,0.0007502133608795703,1.0,0.9070240469412371,0.7799999713897705,0.09561996161937714,0.0706905722618103,0.4507916271686554,0.3828977942466736,0.16332188248634338,0.06952618062496185,0.3842233419418335,0.38292863965034485
184.0,0.000731814140919596,1.0,0.9097762232477015,0.7809090614318848,0.09579625725746155,0.07074955850839615,0.4501388669013977,0.3833152949810028,0.16439005732536316,0.06915445625782013,0.383512407541275,0.3829430639743805
185.0,0.0007342796786688268,1.0,0.9117852468924089,0.7818182110786438,0.09571018815040588,0.07251209020614624,0.44816455245018005,0.3836131989955902,0.16523590683937073,0.07070712745189667,0.3809414803981781,0.3831154704093933
186.0,0.0007527696462348104,1.0,0.9124627324667844,0.7809090614318848,0.0954785943031311,0.07478971034288406,0.4456903636455536,0.38404127955436707,0.16573449969291687,0.07286912947893143,0.3776474893093109,0.3837488889694214
187.0,0.0007402601232752204,1.0,0.8962600366635756,0.7818182110786438,0.0887516513466835,0.07913194596767426,0.4507097601890564,0.38140666484832764,0.14116524159908295,0.0751328319311142,0.40221959352493286,0.38148233294487
188.0,0.0011851176992058753,1.0,0.8310156668316234,0.7918182015419006,0.07167711108922958,0.08234301954507828,0.47131574153900146,0.37466418743133545,0.10166934132575989,0.07316785305738449,0.4534667730331421,0.37169602513313293
189.0,0.0008300734860822558,1.0,0.8151689488237555,0.7909091114997864,0.07093437761068344,0.08180148154497147,0.47482243180274963,0.37244167923927307,0.1023339033126831,0.07106561213731766,0.45628422498703003,0.3703162372112274
190.0,0.0007821654318831861,1.0,0.8412344378774816,0.7890909314155579,0.07195848226547241,0.08660301566123962,0.4656134843826294,0.37582501769065857,0.11775680631399155,0.07183904200792313,0.4251888692378998,0.38521525263786316
191.0,0.0008511576922610402,1.0,0.8570396655256098,0.7890909314155579,0.07308773696422577,0.08974724262952805,0.4561214745044708,0.38104361295700073,0.12417963147163391,0.07223184406757355,0.4063946604728699,0.39719390869140625
192.0,0.0009961515045724808,1.0,0.8467404369874434,0.7890909314155579,0.07025593519210815,0.09132373332977295,0.45512476563453674,0.38329559564590454,0.11440470069646835,0.07220596820116043,0.4186871647834778,0.39470216631889343
193.0,0.0008557644831016659,1.0,0.8359082369370894,0.7881818413734436,0.06519103050231934,0.09575776755809784,0.45761263370513916,0.3814385235309601,0.10519694536924362,0.07720068842172623,0.4357817471027374,0.3818206191062927
194.0,0.0008222962864674627,1.0,0.8344226958534934,0.7909091114997864,0.06502331793308258,0.09573422372341156,0.4587942361831665,0.38044819235801697,0.1073598563671112,0.07799454778432846,0.4388989508152008,0.37574663758277893
195.0,0.0008045613141730428,1.0,0.8362396728992462,0.7909091114997864,0.06695582717657089,0.0966748595237732,0.45535150170326233,0.3810178339481354,0.11058226227760315,0.07869303971529007,0.4344421923160553,0.3762824833393097
196.0,0.0007397468588314951,1.0,0.8303888001225211,0.7909091114997864,0.07108046859502792,0.09496234357357025,0.45169469714164734,0.3822624385356903,0.11414525657892227,0.07474104315042496,0.4311378300189972,0.3799758553504944
197.0,0.0006990793864242732,1.0,0.8237920943173496,0.7881818413734436,0.07088565826416016,0.09388706833124161,0.45634764432907104,0.3788796067237854,0.10903403908014297,0.07086405158042908,0.44825759530067444,0.3718443512916565
198.0,0.000686511155217886,1.0,0.826192572333596,0.7881818413734436,0.07006187736988068,0.09426656365394592,0.45962631702423096,0.37604522705078125,0.1026587262749672,0.0710165873169899,0.4568995535373688,0.36942511796951294
199.0,0.0007763044363819063,1.0,0.8326871755448255,0.7927272915840149,0.06983410567045212,0.09593548625707626,0.4582763612270355,0.3759540617465973,0.10186366736888885,0.07227833569049835,0.45621052384376526,0.36964747309684753
200.0,0.0006545561417005956,1.0,0.8302646354653619,0.7909091114997864,0.07217151671648026,0.09402855485677719,0.4524441957473755,0.38135573267936707,0.10502590239048004,0.06873778253793716,0.4477473199367523,0.37848901748657227
201.0,0.0006524885953404009,1.0,0.8306847792863846,0.7918182015419006,0.07332904636859894,0.09402204304933548,0.4465480446815491,0.3861008584499359,0.10778364539146423,0.06595050543546677,0.4391147196292877,0.3871511220932007
202.0,0.0006577952159568667,1.0,0.8332477576082403,0.7909091114997864,0.07426514476537704,0.09524357318878174,0.44297555088996887,0.38751575350761414,0.10962319374084473,0.06606394797563553,0.43245819211006165,0.3918546736240387
203.0,0.000644718857947737,1.0,0.8366555629535155,0.7900000214576721,0.07540138810873032,0.0968363806605339,0.4403759837150574,0.387386292219162,0.11128038167953491,0.06791075319051743,0.42740222811698914,0.39340662956237793
204.0,0.0006603882904164493,1.0,0.8423901967568831,0.7909091114997864,0.07687120139598846,0.09963957220315933,0.43570542335510254,0.38778382539749146,0.1128704696893692,0.07139743119478226,0.4210689663887024,0.3946630656719208
205.0,0.0006960525214672089,1.0,0.8496704362197356,0.7918182015419006,0.07851197570562363,0.10242733359336853,0.43074744939804077,0.3883132338523865,0.11484929919242859,0.07454845309257507,0.41499823331832886,0.3956039845943451
206.0,0.0006022089449688792,1.0,0.8432113100723787,0.7927272915840149,0.07969433814287186,0.09724018722772598,0.43448740243911743,0.3885780870914459,0.11684489995241165,0.07126852869987488,0.4151930510997772,0.39669355750083923
207.0,0.0005855584871023894,1.0,0.8421377811106768,0.7954545617103577,0.08046795427799225,0.09581358730792999,0.43497028946876526,0.3887481689453125,0.11889123916625977,0.07018190622329712,0.41343995928764343,0.39748692512512207
208.0,0.0005473301019519567,1.0,0.8410388480533253,0.7918182015419006,0.08255589008331299,0.08559825271368027,0.4431934058666229,0.3886524438858032,0.1186264157295227,0.06012678146362305,0.421573281288147,0.39967355132102966
209.0,0.0005388097702525557,1.0,0.8449515720930967,0.7918182015419006,0.08344949781894684,0.0833359807729721,0.4440871477127075,0.3891274034976959,0.11868352442979813,0.05854370817542076,0.42227694392204285,0.4004957675933838
210.0,0.0005446447790600359,1.0,0.8498787024888126,0.7918182015419006,0.08354271203279495,0.08776397258043289,0.4394055902957916,0.3892877399921417,0.11928118765354156,0.061810970306396484,0.4178246259689331,0.40108323097229004
211.0,0.0005763032706454397,1.0,0.8579191867871718,0.7900000214576721,0.08304088562726974,0.09449539333581924,0.43278178572654724,0.389681875705719,0.11970718204975128,0.06789450347423553,0.4110100567340851,0.4013882577419281
212.0,0.0005442542782984674,1.0,0.8492667961120606,0.7936363816261292,0.08330757170915604,0.09473966807126999,0.43169352412223816,0.3902592658996582,0.1206517294049263,0.06502902507781982,0.41133540868759155,0.40298381447792053
213.0,0.0005312841041013598,1.0,0.8434149599075318,0.7936363816261292,0.08356689661741257,0.09544637799263,0.4300168752670288,0.39096978306770325,0.12152989953756332,0.06386703997850418,0.41018450260162354,0.40441858768463135
214.0,0.0005350058181211353,1.0,0.8462250651012767,0.7936363816261292,0.08374340832233429,0.09804867208003998,0.4265921413898468,0.39161574840545654,0.12228339165449142,0.06578711420297623,0.4065842628479004,0.40534526109695435
215.0,0.000552000129595399,1.0,0.8495506895672191,0.7927272915840149,0.08390461653470993,0.10053393244743347,0.42389509081840515,0.39166635274887085,0.12301258742809296,0.06850561499595642,0.40294983983039856,0.4055319130420685
216.0,0.0005714969886466861,1.0,0.854190444946289,0.7909091114997864,0.08402454107999802,0.10264626145362854,0.42162883281707764,0.3917003571987152,0.12358622997999191,0.07166251540184021,0.3991438150405884,0.4056074321269989
217.0,0.0005750777362845838,1.0,0.8585912262309682,0.7909091114997864,0.08433740586042404,0.1039833351969719,0.41980990767478943,0.39186936616897583,0.1243036687374115,0.0737050250172615,0.3963871896266937,0.4056040942668915
218.0,0.0005602788580581546,1.0,0.8598066650737416,0.7918182015419006,0.08464449644088745,0.1047026515007019,0.4186502993106842,0.39200258255004883,0.12473763525485992,0.07369230687618256,0.39604640007019043,0.4055236876010895
219.0,0.0005421971743926406,1.0,0.8565965954823928,0.7918182015419006,0.08309130370616913,0.10578303784132004,0.4227100610733032,0.3884155750274658,0.11228395253419876,0.07575593888759613,0.41135475039482117,0.40060535073280334
220.0,0.003052261520177126,0.9990000128746033,0.8608251134915785,0.7909091114997864,0.08073394745588303,0.10357137024402618,0.42874664068222046,0.3869480788707733,0.10824228823184967,0.0707404762506485,0.4246205687522888,0.3963966369628906
221.0,0.0005100760874338448,1.0,0.8451193455132571,0.7963636517524719,0.08383001387119293,0.1026877835392952,0.42719411849975586,0.3862880766391754,0.11496490240097046,0.06995663046836853,0.4205999970436096,0.3944784700870514
222.0,0.0005204548216424883,1.0,0.8497046026316556,0.7972727417945862,0.08556532114744186,0.10397431999444962,0.4239691495895386,0.38649120926856995,0.11877422034740448,0.07228388637304306,0.4147655665874481,0.39417633414268494
223.0,0.0005348504958674311,1.0,0.8537959762053057,0.7981818318367004,0.08635511994361877,0.10503516346216202,0.42147621512413025,0.38713347911834717,0.12053896486759186,0.07408060878515244,0.4104926586151123,0.3948877155780792
224.0,0.0005255492767319083,1.0,0.8553922994570299,0.7972727417945862,0.086823008954525,0.10509374737739563,0.42012593150138855,0.38795724511146545,0.12151339650154114,0.07400834560394287,0.4088250994682312,0.3956531584262848
225.0,0.0005155609278008342,1.0,0.8568149106069045,0.7954545617103577,0.08713363856077194,0.10548195987939835,0.4189208447933197,0.3884635269641876,0.12211151421070099,0.07438245415687561,0.407256543636322,0.3962494730949402
226.0,0.0005146675682626664,1.0,0.8591297232020985,0.7954545617103577,0.08733797818422318,0.10685373097658157,0.4165835678577423,0.3892247676849365,0.12244781851768494,0.07589647173881531,0.40449246764183044,0.3971632421016693
227.0,0.0005110503798350692,1.0,0.8614015339721333,0.7945454716682434,0.08774247765541077,0.10768356174230576,0.41453760862350464,0.39003634452819824,0.12277828902006149,0.07681366801261902,0.40225672721862793,0.39815133810043335
228.0,0.0005130722136236727,1.0,0.8660209511626851,0.7936363816261292,0.08817395567893982,0.10933578759431839,0.41173097491264343,0.39075931906700134,0.12319160997867584,0.07852556556463242,0.39942115545272827,0.39886167645454407
229.0,0.0005449369691777975,1.0,0.8726563722437078,0.7918182015419006,0.0884421095252037,0.11244675517082214,0.4078783392906189,0.39123281836509705,0.12352494895458221,0.08165089040994644,0.39562198519706726,0.39920225739479065
230.0,0.0006951482994481921,1.0,0.8784337219324979,0.7918182015419006,0.08865281939506531,0.11350167542695999,0.4061949551105499,0.3916504979133606,0.12393296509981155,0.08349566161632538,0.39304959774017334,0.3995217978954315
231.0,0.0004692748636007309,1.0,0.8641775693676689,0.7945454716682434,0.08911304175853729,0.1067066490650177,0.4120503067970276,0.3921300172805786,0.1243894100189209,0.07179123908281326,0.4079533815383911,0.3958659768104553
232.0,0.00046915332158096134,1.0,0.8663781909509138,0.7918182015419006,0.08936555683612823,0.10012874007225037,0.4181312918663025,0.3923744261264801,0.12432239949703217,0.06929206103086472,0.4159659743309021,0.3904195725917816
233.0,0.0005065580147784203,1.0,0.8732944846153259,0.7918182015419006,0.08906767517328262,0.10831862688064575,0.40983104705810547,0.39278265833854675,0.12451743334531784,0.07265270501375198,0.41117021441459656,0.3916596472263336
234.0,0.00237965032691136,0.9994999766349792,0.9055705811760643,0.778181791305542,0.0911206379532814,0.07654222100973129,0.4127873182296753,0.4195497930049896,0.12258242815732956,0.05636758729815483,0.41037052869796753,0.41067948937416077
235.0,0.0007086757326032967,1.0,0.9303315015272661,0.7754545211791992,0.09203596413135529,0.05907825008034706,0.43067485094070435,0.4182108938694,0.11971037089824677,0.05177195742726326,0.4208928942680359,0.407624751329422
236.0,0.0024752115323208273,0.9990000128746033,0.8867779805443504,0.7763636112213135,0.09107604622840881,0.05828046053647995,0.4630488455295563,0.38759464025497437,0.12089119851589203,0.0532284751534462,0.44235631823539734,0.38352394104003906
237.0,0.0008365255882963539,1.0,0.9385975174470381,0.7609090805053711,0.0937381386756897,0.05384010449051857,0.45683982968330383,0.3955818712711334,0.12016735970973969,0.039828866720199585,0.4471963047981262,0.3928074836730957
238.0,0.004342190087307245,0.9990000128746033,1.0527737114646218,0.7481818199157715,0.09212358295917511,0.05897493287920952,0.4234194755554199,0.42548203468322754,0.12087084352970123,0.0468534380197525,0.39461877942085266,0.4376569092273712
239.0,0.0015136845821980386,0.9994999766349792,0.9762895030325109,0.7654545307159424,0.08527921885251999,0.08721069246530533,0.43683287501335144,0.39067721366882324,0.11724875867366791,0.08813221007585526,0.44913437962532043,0.3454846143722534
240.0,0.0009794615982100367,1.0,0.9555681890791112,0.7690908908843994,0.08187981694936752,0.09544749557971954,0.43262016773223877,0.39005252718925476,0.11641857028007507,0.0890442356467247,0.45361635088920593,0.3409208357334137
241.0,0.0008208326762542129,1.0,0.8822208601778204,0.7809090614318848,0.07605050504207611,0.06955376267433167,0.4706011116504669,0.3837946355342865,0.10199897736310959,0.03376198932528496,0.5481806397438049,0.3160584270954132
242.0,0.0007987657897174359,1.0,0.870999805168672,0.7827273011207581,0.07180100679397583,0.058664701879024506,0.5035165548324585,0.3660176694393158,0.0964597836136818,0.021962705999612808,0.5938678979873657,0.28770965337753296
243.0,0.0006975313234142959,1.0,0.8801243601062081,0.7836363911628723,0.07175013422966003,0.06388299912214279,0.5029814839363098,0.361385315656662,0.09772954881191254,0.021313058212399483,0.5954111814498901,0.28554627299308777
244.0,0.0006215937319211662,1.0,0.8858593740246513,0.7827273011207581,0.07344728708267212,0.07209821045398712,0.49014487862586975,0.3643096685409546,0.10116903483867645,0.025771718472242355,0.5784499049186707,0.29460930824279785
245.0,0.0005850564171560108,1.0,0.8875869798660279,0.7854545712471008,0.07487425208091736,0.08182810992002487,0.4713831841945648,0.37191441655158997,0.10445328801870346,0.03235132247209549,0.5562278032302856,0.306967556476593
246.0,0.0005799687432590872,1.0,0.8909576030211015,0.7836363911628723,0.07557132095098495,0.09056501090526581,0.4539432227611542,0.37992045283317566,0.10713259875774384,0.04040388762950897,0.5338994264602661,0.3185640871524811
247.0,0.000595399904763326,1.0,0.8967133908922023,0.7809090614318848,0.07587254047393799,0.09695513546466827,0.4438830316066742,0.38328927755355835,0.10867395997047424,0.04895011708140373,0.5177271366119385,0.3246487081050873
248.0,0.000516683743800968,1.0,0.862708981145512,0.7890909314155579,0.07712005823850632,0.07509604841470718,0.46919065713882446,0.3785933256149292,0.11108984798192978,0.034463465213775635,0.5348351001739502,0.3196116089820862
249.0,0.0005249668816104531,1.0,0.8610903558947823,0.7890909314155579,0.07781513780355453,0.06225937232375145,0.48205146193504333,0.3778739869594574,0.11205441504716873,0.03261109068989754,0.5327181816101074,0.322616308927536
250.0,0.0005050637596286833,1.0,0.8666845542734319,0.7799999713897705,0.07888209819793701,0.06412198394536972,0.46873554587364197,0.3882603645324707,0.11364591866731644,0.03817135840654373,0.5127924084663391,0.3353902995586395
251.0,0.0004982756155077369,1.0,0.8906635883721439,0.7736363410949707,0.0796443447470665,0.06728712469339371,0.4591374397277832,0.3939310908317566,0.11505135148763657,0.04405943304300308,0.49765846133232117,0.3432307541370392
252.0,0.0004877657094039023,1.0,0.910529195395383,0.7690908908843994,0.07989689707756042,0.07125014811754227,0.45272448658943176,0.39612847566604614,0.11612652987241745,0.05037039518356323,0.48682424426078796,0.34667882323265076
253.0,0.0004745253128930926,1.0,0.9295871638167988,0.7690908908843994,0.08014211803674698,0.07711303234100342,0.44554460048675537,0.39720022678375244,0.11742950230836868,0.05774776637554169,0.47607433795928955,0.3487483859062195
254.0,0.00046924465987831357,1.0,0.9450248549201272,0.7699999809265137,0.08042742311954498,0.08512654900550842,0.4362001121044159,0.3982459008693695,0.11870455741882324,0.06477900594472885,0.46635475754737854,0.35016170144081116
255.0,0.0004670188019517809,1.0,0.9529531033472581,0.7681818008422852,0.08051390200853348,0.09107084572315216,0.429769366979599,0.3986458480358124,0.11948832869529724,0.06906019896268845,0.4604472517967224,0.3510042130947113
256.0,0.00046951337275095284,1.0,0.961755734573711,0.7718181610107422,0.08067667484283447,0.09536418318748474,0.42463070154190063,0.39932847023010254,0.12034019082784653,0.07408347725868225,0.45408836007118225,0.3514879643917084
257.0,0.0004896901655010879,1.0,0.9685131638700312,0.7718181610107422,0.0808085948228836,0.09945586323738098,0.4198704957962036,0.3998650908470154,0.12088529020547867,0.0808042511343956,0.44652703404426575,0.3517833948135376
258.0,0.0004447156726382673,1.0,0.9549933830174533,0.7727272510528564,0.08111535757780075,0.09869131445884705,0.4197429418563843,0.40045034885406494,0.12193663418292999,0.07466144859790802,0.45105645060539246,0.35234546661376953
259.0,0.0004275912339799106,1.0,0.9424634588848461,0.7736363410949707,0.08140446990728378,0.0980343148112297,0.4207952916622162,0.39976590871810913,0.12299896031618118,0.07073141634464264,0.4540345370769501,0.3522350788116455
260.0,0.00041718300757929684,1.0,0.940332807194103,0.7754545211791992,0.08177009224891663,0.10018444061279297,0.4195176064968109,0.3985278606414795,0.12381084263324738,0.07235951721668243,0.45301276445388794,0.35081687569618225
261.0,0.00041143172117881477,1.0,0.9432792962681164,0.7763636112213135,0.08204278349876404,0.1025407686829567,0.4177173972129822,0.3976989984512329,0.12430453300476074,0.07560211420059204,0.4500402510166168,0.3500531017780304
262.0,0.00040549345780164,1.0,0.9492749719186263,0.778181791305542,0.08215517550706863,0.10467523336410522,0.4163123071193695,0.39685729146003723,0.12454474717378616,0.07934782654047012,0.4467950463294983,0.34931236505508423
263.0,0.00040115146664902566,1.0,0.9560364385084672,0.7790908813476562,0.08220098912715912,0.10683436691761017,0.4143906235694885,0.3965740501880646,0.12463385611772537,0.08349292725324631,0.44334346055984497,0.3485298156738281
264.0,0.0004038377127144486,1.0,0.9380712652206421,0.7809090614318848,0.08227844536304474,0.10879018902778625,0.42490634322166443,0.38402506709098816,0.12577565014362335,0.08806871622800827,0.43591898679733276,0.3502366542816162
265.0,0.0006149166072718799,1.0,0.9210634863376618,0.7881818413734436,0.08207529783248901,0.10550125688314438,0.4477185904979706,0.36470481753349304,0.12371008098125458,0.08927340805530548,0.43192341923713684,0.3550930917263031
266.0,0.0005725599643774331,1.0,0.9306332406130704,0.7881818413734436,0.08231508731842041,0.10803104937076569,0.44357621669769287,0.36607763171195984,0.123813197016716,0.0955948606133461,0.41275671124458313,0.36783528327941895
267.0,0.0004715175097808242,1.0,0.9578295041214336,0.7809090614318848,0.08263327926397324,0.10973857343196869,0.43497234582901,0.37265583872795105,0.12522444128990173,0.09560268372297287,0.39781200885772705,0.38136088848114014
268.0,0.0004257946955040097,1.0,0.9065245323831385,0.7854545712471008,0.08299753814935684,0.10480780899524689,0.4362608790397644,0.3759337365627289,0.12586596608161926,0.07360773533582687,0.4110625386238098,0.3894638121128082
269.0,0.0004127074028365314,1.0,0.8944182174856012,0.7900000214576721,0.08328954875469208,0.10426069051027298,0.434565007686615,0.37788474559783936,0.1261986792087555,0.06949111074209213,0.41170844435691833,0.39260178804397583
270.0,0.0004054402746260166,1.0,0.8987472680481997,0.7900000214576721,0.08346850425004959,0.10545804351568222,0.43147996068000793,0.37959355115890503,0.12660075724124908,0.07094825804233551,0.40794792771339417,0.39450308680534363
271.0,0.0008245623677503317,1.0,0.9005904908613726,0.7890909314155579,0.08404258638620377,0.10453756898641586,0.4183170199394226,0.39310285449028015,0.1297227293252945,0.0678718313574791,0.35536402463912964,0.447041392326355
272.0,0.00792642457038164,0.9980000257492065,0.9175016908212141,0.7854545712471008,0.0541171133518219,0.07566089928150177,0.48222142457962036,0.3880005478858948,0.08857552707195282,0.0396103709936142,0.4446161985397339,0.42719796299934387
273.0,0.0026216128878295423,0.9994999766349792,0.9072895267876712,0.7872727513313293,0.04802010580897331,0.06607280671596527,0.5021325349807739,0.3837745189666748,0.08347019553184509,0.031252421438694,0.47276994585990906,0.41250738501548767
274.0,0.001402932363562286,1.0,0.8918614332242446,0.7863636612892151,0.04761413484811783,0.07022012025117874,0.49797874689102173,0.3841869533061981,0.07888083904981613,0.0310989860445261,0.48126471042633057,0.40875548124313354
275.0,0.0033588319858536123,0.9994999766349792,0.8652111407843504,0.7863636612892151,0.046505238860845566,0.07031197845935822,0.518912136554718,0.3642706871032715,0.07546450197696686,0.03073921985924244,0.5174779295921326,0.37631839513778687
276.0,0.009456521928310395,0.9980000257492065,0.8738846293362704,0.7909091114997864,0.03495258465409279,0.0767015665769577,0.5942533016204834,0.2940925657749176,0.059343121945858,0.037045158445835114,0.557399570941925,0.34621214866638184
277.0,0.007952919319272042,0.9984999895095825,0.9290054440498352,0.7663636207580566,0.030799590051174164,0.08472693711519241,0.5848915576934814,0.2995818853378296,0.049222011119127274,0.04806028679013252,0.5404740571975708,0.3622435927391052
278.0,0.010142106728628277,0.9980000257492065,0.9074465768987482,0.7736363410949707,0.03408148139715195,0.08283022046089172,0.5570067167282104,0.32608160376548767,0.055569637566804886,0.040819473564624786,0.5195429921150208,0.38406792283058167
279.0,0.0017086551357060672,1.0,0.8604222378947518,0.7845454812049866,0.03748103976249695,0.08596052974462509,0.5489259362220764,0.32763245701789856,0.06346268206834793,0.044261541217565536,0.5084734559059143,0.3838023841381073
280.0,0.005623486577533186,0.9990000128746033,0.9327749260989102,0.7699999809265137,0.03959864750504494,0.0779225304722786,0.5826131701469421,0.29986560344696045,0.06815392524003983,0.048666663467884064,0.5066519379615784,0.37652745842933655
281.0,0.005284039597958326,0.9994999766349792,1.0652468872070313,0.7572727203369141,0.04569028690457344,0.0790739431977272,0.5739548802375793,0.3012808859348297,0.08492758870124817,0.05854030326008797,0.4870828092098236,0.36944934725761414
282.0,0.0021227070055902003,1.0,1.1026104054667734,0.7618181705474854,0.0423143245279789,0.0861944854259491,0.5607191324234009,0.3107720613479614,0.07077354937791824,0.06689607352018356,0.4782034158706665,0.3841269612312317
283.0,0.0017413058318197726,1.0,1.0726304504004391,0.7554545402526855,0.04320404306054115,0.09335161745548248,0.5405682325363159,0.32287609577178955,0.07020668685436249,0.07281721383333206,0.458929181098938,0.39804691076278687
284.0,0.0011557592311874031,1.0,0.9941662122986533,0.7681818008422852,0.04425431787967682,0.09440574795007706,0.5384370684623718,0.3229028582572937,0.0709439218044281,0.07051362097263336,0.468292236328125,0.39025020599365234
285.0,0.0015770256156101823,0.9994999766349792,0.9517245315421712,0.7709090709686279,0.04648790508508682,0.09806407988071442,0.533980131149292,0.32146787643432617,0.08166451007127762,0.06970881670713425,0.4744376540184021,0.3741890788078308
286.0,0.0009368518656119704,1.0,0.9332942920381373,0.7818182110786438,0.047293417155742645,0.10349303483963013,0.5199710726737976,0.32924243807792664,0.09073764085769653,0.07470669597387314,0.465933620929718,0.3686220645904541
287.0,0.0008768838942050934,1.0,0.9251678975061937,0.7863636612892151,0.047446977347135544,0.10779504477977753,0.5085361003875732,0.33622196316719055,0.09313031286001205,0.07962150871753693,0.45751386880874634,0.3697342872619629
288.0,0.0008295780820772051,1.0,0.936674956516786,0.7836363911628723,0.04819122329354286,0.11177419126033783,0.4984929859638214,0.341541588306427,0.09532885998487473,0.08563247323036194,0.44729724526405334,0.3717414438724518
289.0,0.0008037363095209002,1.0,0.9512290301106193,0.7818182110786438,0.04890156909823418,0.11513607949018478,0.49071502685546875,0.34524738788604736,0.09796379506587982,0.09066281467676163,0.43646150827407837,0.3749118745326996
290.0,0.0007811559829860925,1.0,0.9555268767747012,0.7799999713897705,0.04951130598783493,0.11819480359554291,0.484926700592041,0.34736719727516174,0.10021544992923737,0.09617948532104492,0.4274660646915436,0.37613898515701294
291.0,0.0007316723568364978,1.0,0.9630414958433672,0.7763636112213135,0.050093453377485275,0.11810260266065598,0.48336830735206604,0.348435640335083,0.10249636322259903,0.09614718705415726,0.4246898293495178,0.3766666352748871
292.0,0.0008474650555290281,1.0,0.9266477247801694,0.7799999713897705,0.05340580642223358,0.09500758349895477,0.5035485625267029,0.34803807735443115,0.10695799440145493,0.06378412991762161,0.4461306631565094,0.3831271529197693
293.0,0.0007201685192994773,1.0,0.9125652345744046,0.7809090614318848,0.05991067364811897,0.07628392428159714,0.5153416395187378,0.348463773727417,0.11241430044174194,0.039826516062021255,0.4619789123535156,0.3857802450656891
294.0,0.0006762058213353157,1.0,0.9152139107747511,0.7827273011207581,0.06226285919547081,0.07497105002403259,0.5135101079940796,0.3492560088634491,0.1151231899857521,0.03658008947968483,0.460831880569458,0.38746485114097595
295.0,0.0006327513102442026,1.0,0.9286420638994737,0.7809090614318848,0.0631459504365921,0.07959914207458496,0.5133901834487915,0.34386470913887024,0.11540558934211731,0.040569279342889786,0.4626692831516266,0.3813558518886566
296.0,0.0006038960195146501,1.0,0.9352796338904987,0.7799999713897705,0.06299052387475967,0.08429911732673645,0.5077906250953674,0.34491977095603943,0.11636640876531601,0.04666735231876373,0.45664161443710327,0.38032469153404236
297.0,0.0005752775049768388,1.0,0.9414019196683711,0.7818182110786438,0.0631268098950386,0.08924208581447601,0.5012960433959961,0.3463350832462311,0.11816131323575974,0.05287102609872818,0.4485001862049103,0.3804674446582794
298.0,0.0005557707045227289,1.0,0.950064139582894,0.7809090614318848,0.06328631192445755,0.09359505772590637,0.49520179629325867,0.3479168713092804,0.12071648240089417,0.059201791882514954,0.4394652247428894,0.38061651587486267
299.0,0.0005412294096313417,1.0,0.9608678273721175,0.7790908813476562,0.06363411247730255,0.0975763201713562,0.4895761013031006,0.34921348094940186,0.12362529337406158,0.06348046660423279,0.4319462478160858,0.3809479773044586
300.0,0.0005273609911091626,1.0,0.9715630413185466,0.7754545211791992,0.06434017419815063,0.10033125430345535,0.4846104383468628,0.35071808099746704,0.12605343759059906,0.06600812822580338,0.42563897371292114,0.38229942321777344
