epoch,train_loss,train_accuracy,test_loss,test_accuracy,train_gate_0,train_gate_1,train_gate_2,test_gate_0,test_gate_1,test_gate_2
1.0,0.5911474885940552,0.9139999747276306,0.7606143515110015,0.8080000281333923,0.1999993622303009,0.08714064210653305,0.7128599882125854,0.16746459901332855,0.08899739384651184,0.7435380220413208
2.0,0.22187385630607606,0.9599999785423279,0.4465819079875946,0.8550000190734863,0.14154596626758575,0.031556859612464905,0.8268972039222717,0.11961816251277924,0.029869817197322845,0.8505120873451233
3.0,0.11503087350726128,0.9764999747276306,0.33819983500242234,0.8809999823570251,0.12503349781036377,0.023219410330057144,0.8517470955848694,0.11187133938074112,0.013499032706022263,0.8746296167373657
4.0,0.06883296278119087,0.9894999861717224,0.2869638710021973,0.9024999737739563,0.11724450439214706,0.026488924399018288,0.8562666177749634,0.11413407325744629,0.012343131005764008,0.8735228180885315
5.0,0.047782893985509875,0.9940000176429749,0.2656310102939606,0.906499981880188,0.11452661454677582,0.02594091184437275,0.8595324754714966,0.11616066843271255,0.010951252654194832,0.8728880882263184
6.0,0.035322322979569436,0.9975000023841858,0.2535593259334564,0.9104999899864197,0.1121135950088501,0.02496909350156784,0.8629173636436462,0.11476794630289078,0.010590254329144955,0.8746418356895447
7.0,0.027323871433734895,0.9990000128746033,0.24103075939416885,0.9169999957084656,0.10420317947864532,0.024780739098787308,0.8710160851478577,0.10597720742225647,0.011147817596793175,0.8828750252723694
8.0,0.02217692967504263,0.9990000128746033,0.2401193047761917,0.9175000190734863,0.10778594017028809,0.025854336097836494,0.8663596510887146,0.10894932597875595,0.011612209491431713,0.8794384598731995
9.0,0.018694669336080553,0.9994999766349792,0.24090366864204407,0.9164999723434448,0.11177174746990204,0.026663973927497864,0.8615643382072449,0.11200477927923203,0.012024551630020142,0.8759706616401672
10.0,0.016019249819219112,1.0,0.23711579257249832,0.9190000295639038,0.11220322549343109,0.027062881737947464,0.8607338666915894,0.11154763400554657,0.012257457710802555,0.876194953918457
11.0,0.013912929475307464,1.0,0.23372798603773118,0.9194999933242798,0.11154492199420929,0.02709256485104561,0.8613625764846802,0.11190443485975266,0.011931357905268669,0.8761641383171082
12.0,0.0127644625864923,0.9994999766349792,0.23715454214811324,0.9185000061988831,0.11527414619922638,0.02824823558330536,0.8564776182174683,0.1166360154747963,0.012495094910264015,0.8708689212799072
13.0,0.011401581771671773,1.0,0.22528741019964219,0.9254999756813049,0.11005458235740662,0.029188625514507294,0.8607568144798279,0.10800182819366455,0.013668677769601345,0.8783295154571533
14.0,0.01036399620398879,1.0,0.22291457414627075,0.925000011920929,0.11111214011907578,0.029549725353717804,0.8593381643295288,0.10722804069519043,0.014019680209457874,0.8787522912025452
15.0,0.009440228268504143,1.0,0.2271898888349533,0.921500027179718,0.11697447299957275,0.02973221242427826,0.8532933592796326,0.11290498822927475,0.01384296640753746,0.8732520341873169
16.0,0.00880301459878683,1.0,0.23095911037921907,0.9175000190734863,0.12098893523216248,0.030179275199770927,0.8488317728042603,0.11729998886585236,0.01397878210991621,0.8687211871147156
17.0,0.00794911116361618,1.0,0.22558869808912277,0.9190000295639038,0.11795753240585327,0.031045496463775635,0.8509969711303711,0.11496245861053467,0.014530818909406662,0.8705067038536072
18.0,0.007344588350504637,1.0,0.22340927970409394,0.9204999804496765,0.11717640608549118,0.03181064873933792,0.8510129451751709,0.11479780822992325,0.014858310110867023,0.8703439235687256
19.0,0.006909627053886652,1.0,0.22808100080490112,0.9194999933242798,0.119599349796772,0.032583534717559814,0.8478171229362488,0.11811193078756332,0.015113594941794872,0.8667744398117065
20.0,0.006545817688107491,1.0,0.2310286516547203,0.9179999828338623,0.12180172652006149,0.03366262838244438,0.8445355892181396,0.12020883709192276,0.015831779688596725,0.8639593720436096
21.0,0.00619065285474062,1.0,0.23189159387350083,0.9190000295639038,0.12282261997461319,0.035327330231666565,0.8418501019477844,0.12114564329385757,0.017005406320095062,0.8618489503860474
22.0,0.005839344553649426,1.0,0.23172438454627992,0.9194999933242798,0.12327253818511963,0.03635945916175842,0.8403680324554443,0.12123003602027893,0.017685065045952797,0.8610848784446716
23.0,0.0054933563824743036,1.0,0.2317923287153244,0.9190000295639038,0.12399143725633621,0.03613255172967911,0.8398760557174683,0.1218886598944664,0.017581962049007416,0.8605294227600098
24.0,0.005206509824842214,1.0,0.23254574874043465,0.9190000295639038,0.12486374378204346,0.036829642951488495,0.8383066058158875,0.12237724661827087,0.018342742696404457,0.8592800498008728
25.0,0.005014473546296358,1.0,0.2334702957868576,0.9204999804496765,0.1256507784128189,0.03948468342423439,0.8348644971847534,0.12287396937608719,0.02061382494866848,0.856512188911438
26.0,0.004774770649150014,1.0,0.2339609076976776,0.9204999804496765,0.12566573917865753,0.04158686846494675,0.8327473998069763,0.12324846535921097,0.02279564179480076,0.853955864906311
27.0,0.004490177500993013,1.0,0.23214299187064172,0.9204999804496765,0.12503056228160858,0.04007858783006668,0.8348908424377441,0.12260174751281738,0.02249392680823803,0.854904294013977
28.0,0.0044157895799726244,1.0,0.23582947021722794,0.9190000295639038,0.1269223690032959,0.046605970710515976,0.8264716863632202,0.12402991950511932,0.02921663410961628,0.8467534780502319
29.0,0.004166644452139735,1.0,0.23328601789474487,0.9185000061988831,0.1266709864139557,0.04724171385169029,0.8260872960090637,0.12308914214372635,0.029305046424269676,0.84760582447052
30.0,0.0041627797260880475,1.0,0.23337177568674086,0.9175000190734863,0.12721484899520874,0.0540095716714859,0.8187756538391113,0.12287546694278717,0.034918226301670074,0.8422063589096069
31.0,0.003849094113335013,1.0,0.23580874919891356,0.9175000190734863,0.12877808511257172,0.04952096939086914,0.821700930595398,0.12497804313898087,0.031313225626945496,0.8437087535858154
32.0,0.004151934068650007,1.0,0.23856378239393233,0.9154999852180481,0.1295100450515747,0.06255879998207092,0.807931125164032,0.12549170851707458,0.0460745170712471,0.8284337520599365
33.0,0.003533702474087477,1.0,0.23670047909021377,0.9150000214576721,0.12922751903533936,0.052550505846738815,0.8182219862937927,0.1253339797258377,0.034887976944446564,0.8397780656814575
34.0,0.003974874634295702,1.0,0.2388017926812172,0.9120000004768372,0.12935182452201843,0.07361390441656113,0.7970342040061951,0.12576428055763245,0.058396920561790466,0.8158388137817383
35.0,0.0033802977707237006,1.0,0.2383038508296013,0.9129999876022339,0.1304008811712265,0.06460658460855484,0.8049925565719604,0.12726138532161713,0.046772487461566925,0.8259661793708801
36.0,0.003763585424050689,1.0,0.23715265530347823,0.9150000214576721,0.12970894575119019,0.08395049721002579,0.7863406538963318,0.12631073594093323,0.06966174393892288,0.8040274381637573
37.0,0.0034197742138057947,1.0,0.24532799428701402,0.9125000238418579,0.13313186168670654,0.08162553608417511,0.7852425575256348,0.12996067106723785,0.06685057282447815,0.8031887412071228
38.0,0.003463685516268015,1.0,0.23749403393268584,0.9154999852180481,0.13058441877365112,0.09413646906614304,0.7752791047096252,0.12636572122573853,0.08369462937116623,0.7899397015571594
39.0,0.0031864615064114334,1.0,0.23714313113689423,0.9154999852180481,0.1313468962907791,0.0946555882692337,0.7739975452423096,0.1273363083600998,0.08426124602556229,0.7884024381637573
40.0,0.0033534432956948876,1.0,0.2411336576938629,0.9144999980926514,0.1325843781232834,0.10661282390356064,0.7608028650283813,0.1287708580493927,0.09805955737829208,0.7731696367263794
41.0,0.0030682071447372438,1.0,0.23854113119840623,0.9150000214576721,0.13186605274677277,0.10895933210849762,0.759174644947052,0.1278630495071411,0.10048352181911469,0.771653413772583
42.0,0.0030650574136525392,1.0,0.24376509249210357,0.9125000238418579,0.13330547511577606,0.11598754674196243,0.7507069706916809,0.13013556599617004,0.10864962637424469,0.7612147927284241
43.0,0.002969230988994241,1.0,0.2459678511619568,0.9110000133514404,0.13395950198173523,0.12071168422698975,0.7453287839889526,0.1313887983560562,0.11425334215164185,0.7543578743934631
44.0,0.002757696779444814,1.0,0.24364191776514052,0.9125000238418579,0.13421739637851715,0.12119627743959427,0.7445863485336304,0.13131822645664215,0.11500182747840881,0.7536799907684326
45.0,0.0026938149658963084,1.0,0.2443528310060501,0.9129999876022339,0.1346469223499298,0.12559588253498077,0.7397571802139282,0.131387859582901,0.11909827589988708,0.7495138645172119
46.0,0.00268837639503181,1.0,0.24526588559150697,0.9114999771118164,0.13510066270828247,0.1313246488571167,0.7335747480392456,0.1312064677476883,0.12408293038606644,0.7447106242179871
47.0,0.002501951013691723,1.0,0.24428417164087296,0.9120000004768372,0.1351284682750702,0.13200299441814423,0.7328685522079468,0.1311454176902771,0.12492651492357254,0.7439280152320862
48.0,0.002439686403609812,1.0,0.24847697886824607,0.9110000133514404,0.13679808378219604,0.13379733264446259,0.729404628276825,0.1336764246225357,0.1257837414741516,0.7405398488044739
49.0,0.002430801664479077,1.0,0.2496203208565712,0.9110000133514404,0.13710075616836548,0.13837622106075287,0.7245230078697205,0.13350369036197662,0.12937073409557343,0.7371256351470947
50.0,0.0023207761542871595,1.0,0.24342723286151885,0.9125000238418579,0.13523434102535248,0.14119064807891846,0.7235749959945679,0.1308649182319641,0.13180702924728394,0.737328052520752
51.0,0.0023054430186748506,1.0,0.25000009524822236,0.9104999899864197,0.13768497109413147,0.1432279795408249,0.7190870642662048,0.13413189351558685,0.1332690715789795,0.7325990200042725
52.0,0.0022028910545632244,1.0,0.2511344649195671,0.9114999771118164,0.137834832072258,0.14448508620262146,0.717680037021637,0.13521505892276764,0.13355231285095215,0.7312326431274414
53.0,0.0021452220706269145,1.0,0.2429285161793232,0.9144999980926514,0.13556814193725586,0.1468389928340912,0.7175928354263306,0.13194610178470612,0.1350330114364624,0.7330209016799927
54.0,0.0021674026772379876,1.0,0.25003249356150625,0.9114999771118164,0.13821515440940857,0.14982561767101288,0.711959183216095,0.13509812951087952,0.1367611438035965,0.7281407713890076
55.0,0.0020746067967265846,1.0,0.24938452440500258,0.9104999899864197,0.13875730335712433,0.15046799182891846,0.7107747197151184,0.13526244461536407,0.1372280716896057,0.7275094985961914
56.0,0.0019660599343478678,1.0,0.2487342831045389,0.9125000238418579,0.13932016491889954,0.15024903416633606,0.7104308009147644,0.1361536681652069,0.13596795499324799,0.7278783917427063
57.0,0.0019674371229484676,1.0,0.25310631246864795,0.9104999899864197,0.14064356684684753,0.15298254787921906,0.706373929977417,0.1383865773677826,0.13801051676273346,0.7236028909683228
58.0,0.0019561025267466905,1.0,0.24936148099601269,0.9125000238418579,0.13977769017219543,0.15691320598125458,0.7033091187477112,0.13631632924079895,0.14136531949043274,0.7223182320594788
59.0,0.0019007404698058964,1.0,0.2454335770010948,0.9120000004768372,0.1391594260931015,0.15832971036434174,0.7025108933448792,0.1345386952161789,0.14286285638809204,0.7225984930992126
60.0,0.0018662842186167837,1.0,0.2533656271994114,0.9104999899864197,0.1417171210050583,0.15896116197109222,0.6993218064308167,0.13774089515209198,0.1434701383113861,0.7187889814376831
61.0,0.001738632527180016,1.0,0.228378993332386,0.9204999804496765,0.13398262858390808,0.16043387353420258,0.7055835127830505,0.12438295036554337,0.14387400448322296,0.7317430377006531
62.0,0.001785620710812509,1.0,0.2359063954204321,0.9175000190734863,0.13558968901634216,0.16366644203662872,0.7007439136505127,0.1262086182832718,0.14642614126205444,0.727365255355835
63.0,0.001796580652706325,1.0,0.2501751899421215,0.9110000133514404,0.14105571806430817,0.16312538087368011,0.6958189010620117,0.13390129804611206,0.14611497521400452,0.719983696937561
64.0,0.0017123315795324742,1.0,0.25162771543860435,0.9114999771118164,0.14053364098072052,0.16477611660957336,0.6946901679039001,0.1346427947282791,0.1475072056055069,0.7178499698638916
65.0,0.0016632942804135381,1.0,0.24908094380795956,0.9125000238418579,0.1387578696012497,0.1679118126630783,0.6933304071426392,0.13332022726535797,0.14944937825202942,0.7172303795814514
66.0,0.0016515161036513746,1.0,0.25349425430595873,0.9104999899864197,0.14024707674980164,0.16868314146995544,0.6910698413848877,0.1358233094215393,0.14943915605545044,0.7147375345230103
67.0,0.0015659750499762595,1.0,0.2535968911796808,0.9089999794960022,0.14072930812835693,0.16781507432460785,0.691455602645874,0.13660059869289398,0.14841382205486298,0.7149856090545654
68.0,0.0015412348033860327,1.0,0.25719951395690444,0.9085000157356262,0.1421239674091339,0.16770145297050476,0.6901746392250061,0.13887926936149597,0.14758485555648804,0.7135359048843384
69.0,0.0015665219947695731,1.0,0.2603330164849758,0.9100000262260437,0.1424732506275177,0.17136581242084503,0.6861608624458313,0.13953058421611786,0.1505579650402069,0.709911584854126
70.0,0.001556304006371647,1.0,0.2643693924844265,0.9079999923706055,0.14307571947574615,0.172932431101799,0.6839918494224548,0.14089053869247437,0.15199917554855347,0.7071102857589722
71.0,0.001474712944123894,1.0,0.2662339744716883,0.9070000052452087,0.1435641199350357,0.17210040986537933,0.684335470199585,0.1417650580406189,0.15246666967868805,0.7057682871818542
72.0,0.0014481671168468894,1.0,0.2688631495088339,0.9070000052452087,0.14389683306217194,0.17288042604923248,0.6832227110862732,0.14236468076705933,0.1533106118440628,0.7043247818946838
73.0,0.0015085572623647749,1.0,0.27376344011723996,0.9049999713897705,0.14446939527988434,0.1770581752061844,0.6784723997116089,0.1433452069759369,0.1575077772140503,0.69914710521698
74.0,0.0013916744934394955,1.0,0.26651243203878405,0.9070000052452087,0.14347869157791138,0.17562881112098694,0.6808924674987793,0.14266721904277802,0.15612417459487915,0.7012085914611816
75.0,0.0014045398505404592,1.0,0.267532043248415,0.9075000286102295,0.14394482970237732,0.17747505009174347,0.678580105304718,0.14407303929328918,0.15646851062774658,0.6994584798812866
76.0,0.001352397062815726,1.0,0.26155733174085616,0.9079999923706055,0.1436901092529297,0.17673620581626892,0.6795737147331238,0.14300225675106049,0.15002234280109406,0.7069754600524902
77.0,0.0013643767037428915,1.0,0.2653615779876709,0.9070000052452087,0.1450062394142151,0.17801448702812195,0.6769793033599854,0.1445132941007614,0.15063023567199707,0.7048564553260803
78.0,0.0013413630425930024,1.0,0.2668677307665348,0.9075000286102295,0.14527346193790436,0.17958597838878632,0.6751406192779541,0.14462189376354218,0.15288624167442322,0.702491819858551
79.0,0.0013142488156445324,1.0,0.2708751786351204,0.906499981880188,0.14661413431167603,0.17991021275520325,0.6734756231307983,0.1462136209011078,0.15474069118499756,0.699045717716217
80.0,0.0013072426225990057,1.0,0.2667366126179695,0.9079999923706055,0.14556777477264404,0.18308639526367188,0.6713458299636841,0.1439107358455658,0.15878364443778992,0.6973056793212891
81.0,0.0012504050959832966,1.0,0.26440104220807553,0.9089999794960022,0.14559811353683472,0.18284234404563904,0.6715595722198486,0.14316609501838684,0.15721799433231354,0.6996158957481384
82.0,0.0012752823880873621,1.0,0.2721188685297966,0.906000018119812,0.14760839939117432,0.18322640657424927,0.6691651344299316,0.1454859972000122,0.15609753131866455,0.6984164714813232
83.0,0.0011885898290202022,1.0,0.2570501148030162,0.9104999899864197,0.14396777749061584,0.18461555242538452,0.6714167594909668,0.1395758092403412,0.15843075513839722,0.701993465423584
84.0,0.00470556586701423,0.9990000128746033,0.22172942442446947,0.9229999780654907,0.13510413467884064,0.18374066054821014,0.6811552047729492,0.12188053131103516,0.15959402918815613,0.7185254096984863
85.0,0.002477975352667272,0.9994999766349792,0.30967577558010817,0.8945000171661377,0.1445232331752777,0.1908084750175476,0.6646683216094971,0.15079399943351746,0.16433171927928925,0.6848742961883545
86.0,0.005530832255259156,0.9990000128746033,0.22260103516280652,0.9240000247955322,0.11757013201713562,0.18670521676540375,0.695724606513977,0.11153796315193176,0.162155419588089,0.7263066172599792
87.0,0.0032860706807114185,0.9994999766349792,0.3503775327578187,0.8914999961853027,0.13583894073963165,0.19358499348163605,0.6705760359764099,0.16663026809692383,0.1564439833164215,0.6769257187843323
88.0,0.0010643845098093152,1.0,0.2553408648893237,0.9175000190734863,0.1168256551027298,0.18839839100837708,0.6947758793830872,0.1149849146604538,0.15991725027561188,0.7250978350639343
89.0,0.0012779612592421473,1.0,0.28984333128482104,0.9089999794960022,0.12171251326799393,0.19665274024009705,0.681634783744812,0.11364360898733139,0.166379913687706,0.7199764251708984
90.0,0.0013414513603784144,1.0,0.3077584142386913,0.9035000205039978,0.12943507730960846,0.19286590814590454,0.6776989698410034,0.12737001478672028,0.1606062650680542,0.7120237350463867
91.0,0.0010660064765252173,1.0,0.30026283007860183,0.9070000052452087,0.12872274219989777,0.18969443440437317,0.6815828084945679,0.12886691093444824,0.15540249645709991,0.7157306671142578
92.0,0.0010973798241466284,1.0,0.30366944290697573,0.906499981880188,0.1300801783800125,0.1950840801000595,0.674835741519928,0.13259431719779968,0.1598767340183258,0.7075289487838745
93.0,0.0012081031743437051,1.0,0.31077391261607407,0.9045000076293945,0.13304370641708374,0.19913439452648163,0.6678218841552734,0.13627304136753082,0.158822163939476,0.7049048542976379
94.0,0.0010529601513408124,1.0,0.3089804871529341,0.906499981880188,0.13378490507602692,0.19397804141044617,0.6722370386123657,0.13732241094112396,0.1511515974998474,0.7115259766578674
95.0,0.0010492934263311327,1.0,0.31383197828382253,0.906000018119812,0.13539864122867584,0.19657213985919952,0.6680293083190918,0.14014838635921478,0.15160036087036133,0.7082512974739075
96.0,0.0010909717539325356,1.0,0.3213980827257037,0.9024999737739563,0.1377769410610199,0.20000922679901123,0.6622138023376465,0.14309410750865936,0.1549687683582306,0.7019371390342712
97.0,0.0010387512021698057,1.0,0.3125435431152582,0.9049999713897705,0.13676717877388,0.20147450268268585,0.661758303642273,0.13424398005008698,0.1579878181219101,0.7077682614326477
98.0,0.0009888219982385636,1.0,0.30990011962503194,0.9070000052452087,0.13781678676605225,0.2001883089542389,0.6619949340820312,0.13147637248039246,0.15779083967208862,0.7107328176498413
99.0,0.0009564717970788479,1.0,0.3041622251421213,0.9089999794960022,0.1366301327943802,0.2005593329668045,0.6628105640411377,0.12861035764217377,0.1575380563735962,0.7138515710830688
100.0,0.0009563790932297706,1.0,0.3058482821509242,0.9085000157356262,0.13859720528125763,0.20032408833503723,0.661078691482544,0.13147324323654175,0.15743128955364227,0.7110955119132996
101.0,0.0009729222129099071,1.0,0.3133632621988654,0.906499981880188,0.14231066405773163,0.19972458481788635,0.6579647064208984,0.13657738268375397,0.15637192130088806,0.7070507407188416
102.0,0.0009426936255767941,1.0,0.3129260400980711,0.9070000052452087,0.14213667809963226,0.200266495347023,0.6575968265533447,0.1349857598543167,0.1570495069026947,0.7079647183418274
103.0,0.0008982333224266767,1.0,0.3110823053866625,0.9100000262260437,0.14119552075862885,0.1990460753440857,0.659758448600769,0.13320855796337128,0.1579868346452713,0.7088046073913574
104.0,0.0008714107922278344,1.0,0.3108192902803421,0.909500002861023,0.1409529596567154,0.19782300293445587,0.6612240076065063,0.1344163566827774,0.15734346210956573,0.7082402110099792
105.0,0.0008697221362963319,1.0,0.3148596636131406,0.9085000157356262,0.1428171545267105,0.1983935683965683,0.6587892770767212,0.1379392445087433,0.15749362111091614,0.7045671343803406
106.0,0.0009186303750611842,1.0,0.3196582588031888,0.9075000286102295,0.14481806755065918,0.20169129967689514,0.6534906625747681,0.14157593250274658,0.16059741377830505,0.6978267431259155
107.0,0.0009376440076157451,1.0,0.32298232842236757,0.9049999713897705,0.14631159603595734,0.20294933021068573,0.6507390737533569,0.14441190659999847,0.16128551959991455,0.694302499294281
108.0,0.0008215216738171876,1.0,0.3200216251462698,0.9075000286102295,0.14340633153915405,0.20264343917369843,0.6539502739906311,0.1435549557209015,0.15950024127960205,0.6969448328018188
109.0,0.0008324705539271235,1.0,0.32214648193120954,0.9075000286102295,0.14302535355091095,0.2054980993270874,0.6514765620231628,0.14408981800079346,0.16163820028305054,0.694271981716156
110.0,0.0008822593749500811,1.0,0.3220231853350997,0.9049999713897705,0.14357489347457886,0.20903661847114563,0.6473885774612427,0.14404477179050446,0.16546086966991425,0.6904942989349365
111.0,0.0008058942197822034,1.0,0.319369406491518,0.9054999947547913,0.14420229196548462,0.2061481922864914,0.6496495604515076,0.14326082170009613,0.16449430584907532,0.6922448873519897
112.0,0.0008317614076659084,1.0,0.3247275474742055,0.9039999842643738,0.14675259590148926,0.20710156857967377,0.6461458206176758,0.14558453857898712,0.16612139344215393,0.6882940530776978
113.0,0.0008137530907988548,1.0,0.3188060005903244,0.9054999947547913,0.14630825817584991,0.20706439018249512,0.6466273069381714,0.14064183831214905,0.16740535199642181,0.6919528245925903
114.0,0.0007236544291954487,1.0,0.30707633593678474,0.909500002861023,0.14305023849010468,0.2068062126636505,0.650143563747406,0.1348302811384201,0.1691066026687622,0.6960631608963013
115.0,0.0008298078891821205,1.0,0.3124791029989719,0.9070000052452087,0.14557042717933655,0.21306714415550232,0.6413624286651611,0.13741520047187805,0.17677050828933716,0.6858143210411072
116.0,0.0008113340809941292,1.0,0.31294129548966887,0.9075000286102295,0.14701412618160248,0.21357664465904236,0.6394091844558716,0.1377410888671875,0.17850744724273682,0.6837514638900757
117.0,0.0007626485461369156,1.0,0.31404861609637735,0.9070000052452087,0.14826810359954834,0.21288682520389557,0.6388450860977173,0.1385505199432373,0.17923256754875183,0.6822168827056885
118.0,0.0008482708958908916,1.0,0.32067545808851716,0.906499981880188,0.1498303860425949,0.2192363291978836,0.6309332847595215,0.14079509675502777,0.18752099573612213,0.6716839075088501
119.0,0.000731086544226855,1.0,0.3175695024728775,0.9045000076293945,0.15004652738571167,0.21610376238822937,0.6338497400283813,0.14138561487197876,0.18201443552970886,0.6765999794006348
120.0,0.0007853453690186143,1.0,0.3210692738741636,0.9035000205039978,0.15222957730293274,0.22119785845279694,0.6265724897384644,0.1441417634487152,0.18813122808933258,0.6677270531654358
121.0,0.0008015130078420043,1.0,0.32248924846202137,0.902999997138977,0.1536952704191208,0.22448228299617767,0.6218224763870239,0.14626161754131317,0.19374825060367584,0.659990131855011
122.0,0.000741799246519804,1.0,0.3201083186715841,0.9045000076293945,0.1544533371925354,0.22285079956054688,0.6226958632469177,0.14768093824386597,0.1932123601436615,0.6591066718101501
123.0,0.0007942905277013778,1.0,0.3243320650756359,0.902999997138977,0.15558254718780518,0.2273937463760376,0.6170236468315125,0.14963190257549286,0.20000280439853668,0.6503653526306152
124.0,0.0007596400091424584,1.0,0.32434110846370456,0.902999997138977,0.1566130816936493,0.22693081200122833,0.6164560914039612,0.15090645849704742,0.19984017312526703,0.6492533087730408
125.0,0.0007001300980336964,1.0,0.3207088058516383,0.9049999713897705,0.15632425248622894,0.2246910035610199,0.6189847588539124,0.15046067535877228,0.19589124619960785,0.6536480784416199
126.0,0.0007923026364296675,1.0,0.3246521714180708,0.902999997138977,0.15774090588092804,0.23137407004833221,0.6108850836753845,0.15207631886005402,0.20355764031410217,0.6443659663200378
127.0,0.0007921678544953465,1.0,0.325194455832243,0.9039999842643738,0.15864956378936768,0.23344267904758453,0.6079078316688538,0.15337151288986206,0.20567525923252106,0.6409532427787781
128.0,0.0007269162964075804,1.0,0.32473878482729196,0.9039999842643738,0.16052863001823425,0.230164036154747,0.6093073487281799,0.15600404143333435,0.20087014138698578,0.6431257724761963
129.0,0.0007098513152450323,1.0,0.3212706952989101,0.9049999713897705,0.16178759932518005,0.23020164668560028,0.6080108284950256,0.15732458233833313,0.2011195719242096,0.6415558457374573
130.0,0.0007823060983791947,1.0,0.32362145894020794,0.9035000205039978,0.16316097974777222,0.23512081801891327,0.6017181277275085,0.1584687978029251,0.20739473402500153,0.6341364979743958
131.0,0.0007240534629672766,1.0,0.32570675982534886,0.9035000205039978,0.16378670930862427,0.2345823347568512,0.6016309857368469,0.15858666598796844,0.20750534534454346,0.6339080333709717
132.0,0.0007131204893812538,1.0,0.3274766760841012,0.9024999737739563,0.16358165442943573,0.23681069910526276,0.5996076464653015,0.15835189819335938,0.21060146391391754,0.6310466527938843
133.0,0.0007516732364892959,1.0,0.3267745558470488,0.9020000100135803,0.1644139289855957,0.24071750044822693,0.594868540763855,0.15899844467639923,0.21523427963256836,0.6257672309875488
134.0,0.0007444767821580172,1.0,0.3259235554412007,0.9039999842643738,0.16537640988826752,0.24152947962284088,0.5930941104888916,0.16028347611427307,0.21576358377933502,0.6239529848098755
135.0,0.0006875433064997196,1.0,0.3193286253884435,0.906499981880188,0.16745923459529877,0.23730596899986267,0.5952348113059998,0.16138745844364166,0.21085990965366364,0.6277525424957275
136.0,0.0007186040878295898,1.0,0.31293223056942227,0.906499981880188,0.16787341237068176,0.23939849436283112,0.5927280187606812,0.1585133969783783,0.21444405615329742,0.6270425319671631
137.0,0.0007321651615202427,1.0,0.3171737066805363,0.906000018119812,0.16937290132045746,0.24128051102161407,0.5893465280532837,0.1592836081981659,0.21734659373760223,0.6233698129653931
138.0,0.0007197981625795364,1.0,0.3205865664407611,0.902999997138977,0.17133232951164246,0.24150598049163818,0.5871617197990417,0.16077302396297455,0.21826879680156708,0.620958149433136
139.0,0.0006900125034153461,1.0,0.3185247782319784,0.902999997138977,0.17153237760066986,0.24125181138515472,0.587215781211853,0.1602984368801117,0.2189418524503708,0.6207597255706787
140.0,0.0006709032282233238,1.0,0.3168955320417881,0.9049999713897705,0.17187784612178802,0.2416258305311203,0.5864963531494141,0.1608474850654602,0.21800895035266876,0.6211435794830322
141.0,0.0006718348227441311,1.0,0.3204725429490209,0.902999997138977,0.17360809445381165,0.24180707335472107,0.5845848917961121,0.16442306339740753,0.21602433919906616,0.6195526123046875
142.0,0.0006928156837821007,1.0,0.32238357116281985,0.902999997138977,0.17545126378536224,0.2427157312631607,0.5818330645561218,0.167192280292511,0.2165999710559845,0.6162077784538269
143.0,0.0006538812126964331,1.0,0.32209425865113733,0.9039999842643738,0.17512881755828857,0.24288424849510193,0.5819869041442871,0.16693632304668427,0.21666400134563446,0.6163996458053589
144.0,0.000684938664548099,1.0,0.3263506478369236,0.9039999842643738,0.1757422387599945,0.24587835371494293,0.5783793926239014,0.16773150861263275,0.22003546357154846,0.61223304271698
145.0,0.0006667053420096636,1.0,0.32388565780222417,0.9020000100135803,0.17803654074668884,0.2439182698726654,0.5780451893806458,0.17150500416755676,0.2163008600473404,0.6121941804885864
146.0,0.0006766445524990558,1.0,0.31940992994606493,0.9045000076293945,0.1780669391155243,0.24570471048355103,0.5762283802032471,0.1712915301322937,0.2178352028131485,0.6108732223510742
147.0,0.000616648243740201,1.0,0.3190980693995953,0.906000018119812,0.18003682792186737,0.24124152958393097,0.5787217020988464,0.1737724244594574,0.21319137513637543,0.6130362153053284
148.0,0.000653805068694055,1.0,0.3262129195183516,0.9035000205039978,0.1819930374622345,0.24282751977443695,0.575179398059845,0.1767514944076538,0.21527418494224548,0.6079742312431335
149.0,0.0006232659453526139,1.0,0.3258787796497345,0.9035000205039978,0.18242312967777252,0.24133709073066711,0.5762397646903992,0.17806467413902283,0.21338976919651031,0.6085456013679504
150.0,0.0005956737585365772,1.0,0.32334644412994384,0.9054999947547913,0.1819482147693634,0.24208329617977142,0.5759685039520264,0.17811407148838043,0.21374133229255676,0.6081445813179016
151.0,0.0006093909181654453,1.0,0.32061236318945885,0.906000018119812,0.18348905444145203,0.24190227687358856,0.5746086239814758,0.1796339750289917,0.21417956054210663,0.6061865091323853
152.0,0.0005897970777004958,1.0,0.3223492371290922,0.9075000286102295,0.1822182834148407,0.24365286529064178,0.5741288661956787,0.17776937782764435,0.2174287587404251,0.6048018932342529
153.0,0.0006511502880603075,1.0,0.32690377183258534,0.9070000052452087,0.18355578184127808,0.24850137531757355,0.5679427981376648,0.17944400012493134,0.22299379110336304,0.5975621938705444
154.0,0.0006011795159429311,1.0,0.3277513310313225,0.9045000076293945,0.1871606558561325,0.2406119853258133,0.572227418422699,0.18482007086277008,0.2157251089811325,0.5994548201560974
155.0,0.0006106650987640023,1.0,0.32853851732611655,0.902999997138977,0.18750591576099396,0.24290573596954346,0.5695883631706238,0.18518465757369995,0.2176416516304016,0.5971736907958984
156.0,0.0005922298431396485,1.0,0.3272597845643759,0.9020000100135803,0.18628181517124176,0.24557283520698547,0.5681453943252563,0.18375396728515625,0.2199389785528183,0.5963070392608643
157.0,0.0005955225164070725,1.0,0.3294122736603022,0.9020000100135803,0.18827460706233978,0.24501191079616547,0.5667135119438171,0.186264768242836,0.2197623997926712,0.5939728617668152
158.0,0.0006121261920779943,1.0,0.3294795521646738,0.902999997138977,0.18969187140464783,0.24645334482192993,0.5638548731803894,0.186783567070961,0.22240813076496124,0.5908083319664001
159.0,0.0005954800723120571,1.0,0.3329023143202066,0.9010000228881836,0.19044813513755798,0.2466430813074112,0.5629088282585144,0.18740832805633545,0.22334261238574982,0.5892490744590759
160.0,0.0006300109773874283,1.0,0.33806224489212033,0.9004999995231628,0.1928364336490631,0.24808630347251892,0.559077262878418,0.19073370099067688,0.2246394008398056,0.5846268534660339
161.0,0.0005593646559864283,1.0,0.33309639570116995,0.9004999995231628,0.19361087679862976,0.24364309012889862,0.5627460479736328,0.19103951752185822,0.2219499796628952,0.5870105028152466
162.0,0.0005359963020309806,1.0,0.33028049425780776,0.9014999866485596,0.19506347179412842,0.23896841704845428,0.5659680962562561,0.19118662178516388,0.22031466662883759,0.5884987711906433
163.0,0.0005858993111178279,1.0,0.33834883742034433,0.8999999761581421,0.1964375376701355,0.24312390387058258,0.5604385137557983,0.19271419942378998,0.2251681685447693,0.5821176171302795
164.0,0.0006017435621470213,1.0,0.34416528303921223,0.8989999890327454,0.19558767974376678,0.24778589606285095,0.5566263198852539,0.19361023604869843,0.22864948213100433,0.5777403116226196
165.0,0.0005473323408514262,1.0,0.34092957535386087,0.8980000019073486,0.196172297000885,0.24558863043785095,0.5582391619682312,0.19600509107112885,0.22450567781925201,0.5794892311096191
166.0,0.0005503864753991365,1.0,0.3355904600173235,0.8999999761581421,0.19789087772369385,0.24494759738445282,0.5571615099906921,0.19747766852378845,0.22283817827701569,0.5796841382980347
167.0,0.0005940979858860373,1.0,0.3395953283011913,0.8989999890327454,0.1978348046541214,0.24971021711826324,0.5524550080299377,0.19739313423633575,0.2278469204902649,0.5747599601745605
168.0,0.0005314525682479143,1.0,0.337347677052021,0.8980000019073486,0.1999865472316742,0.24462853372097015,0.5553848743438721,0.19957956671714783,0.2210952192544937,0.5793253183364868
169.0,0.0004933528630062938,1.0,0.3323184625953436,0.9010000228881836,0.20274899899959564,0.23693948984146118,0.560311496257782,0.20221835374832153,0.21193669736385345,0.5858449935913086
170.0,0.0005254280082881451,1.0,0.3285513009279966,0.9024999737739563,0.20118439197540283,0.2430392950773239,0.5557762980461121,0.2000196874141693,0.21969948709011078,0.5802809000015259
171.0,0.0005680591417476535,1.0,0.33267030280828475,0.9020000100135803,0.198468878865242,0.2510525584220886,0.5504785776138306,0.19755081832408905,0.22856345772743225,0.5738857984542847
172.0,0.0005866649579256773,1.0,0.3343343619555235,0.9020000100135803,0.20166373252868652,0.2512810528278351,0.547055184841156,0.2005450278520584,0.22850006818771362,0.5709549784660339
173.0,0.0005107795214280486,1.0,0.3320322285592556,0.9014999866485596,0.2036520093679428,0.2458312064409256,0.5505167245864868,0.20230863988399506,0.22297406196594238,0.5747172832489014
174.0,0.0005702406410127878,1.0,0.3376611242890358,0.9010000228881836,0.2062576562166214,0.2492946982383728,0.544447660446167,0.2050616592168808,0.22701282799243927,0.5679255127906799
175.0,0.0005307375835254788,1.0,0.3364663764387369,0.9004999995231628,0.20565274357795715,0.24841107428073883,0.5459361672401428,0.20508457720279694,0.22691239416599274,0.5680030584335327
176.0,0.0005359216462820769,1.0,0.33636119252443314,0.9004999995231628,0.20546625554561615,0.25124692916870117,0.5432868003845215,0.204935222864151,0.22968295216560364,0.5653818249702454
177.0,0.00047003586683422327,1.0,0.33435251350700856,0.9010000228881836,0.20815250277519226,0.24239391088485718,0.549453616142273,0.20819316804409027,0.2196006178855896,0.5722062587738037
178.0,0.0005129063120111823,1.0,0.33703339156508444,0.8999999761581421,0.2121712565422058,0.23717203736305237,0.5506566762924194,0.21179665625095367,0.2152019888162613,0.5730013251304626
179.0,0.0005061322459951043,1.0,0.339621706828475,0.8985000252723694,0.20924390852451324,0.2442438304424286,0.5465121865272522,0.20922979712486267,0.22208808362483978,0.568682074546814
180.0,0.0012373960632830858,1.0,0.3446330825537443,0.8999999761581421,0.20556408166885376,0.258312463760376,0.5361233949661255,0.20562802255153656,0.2358933687210083,0.5584785342216492
181.0,0.0021687135361135004,1.0,0.3077984353303909,0.9129999876022339,0.2035311460494995,0.1594424545764923,0.6370263695716858,0.18705379962921143,0.1533539891242981,0.6595922112464905
182.0,0.0011016188077628613,1.0,0.2773123852610588,0.9175000190734863,0.16942520439624786,0.18518570065498352,0.6453890800476074,0.13021568953990936,0.19937340915203094,0.6704108715057373
183.0,0.0011931846793740988,1.0,0.2992892020046711,0.9120000004768372,0.18621334433555603,0.2016078531742096,0.6121788620948792,0.144065260887146,0.21648046374320984,0.6394542455673218
184.0,0.0007125331391580402,1.0,0.27888387712836266,0.9194999933242798,0.16798007488250732,0.1486392468214035,0.6833806037902832,0.11644206196069717,0.15231095254421234,0.7312469482421875
185.0,0.0010500919967889786,1.0,0.30324455827474595,0.9114999771118164,0.18882302939891815,0.15409067273139954,0.6570863127708435,0.14994977414608002,0.16070838272571564,0.6893417835235596
186.0,0.0007440298087894917,1.0,0.3077166696488857,0.9100000262260437,0.17941036820411682,0.1811361163854599,0.6394534707069397,0.15620721876621246,0.1921556144952774,0.6516371965408325
187.0,0.002363711624406278,0.9994999766349792,0.3455475508570671,0.8999999761581421,0.1776573807001114,0.18875034153461456,0.6335923075675964,0.19446136057376862,0.18116915225982666,0.6243694424629211
188.0,0.0006226322199217975,1.0,0.3143530789613724,0.9054999947547913,0.16664834320545197,0.18719804286956787,0.6461536288261414,0.17234613001346588,0.1779395341873169,0.6497142910957336
189.0,0.0012748035052791238,0.9994999766349792,0.32543765503168104,0.9049999713897705,0.17347417771816254,0.18463236093521118,0.6418934464454651,0.16011935472488403,0.17322707176208496,0.666653573513031
190.0,0.001419920889660716,1.0,0.38511685460805894,0.8859999775886536,0.1806953400373459,0.21613173186779022,0.6031728982925415,0.17182528972625732,0.20934121310710907,0.6188334822654724
191.0,0.0023683457863517107,0.9994999766349792,0.3719913917183876,0.8920000195503235,0.1541762501001358,0.22424283623695374,0.6215808987617493,0.13995084166526794,0.23280446231365204,0.6272447109222412
192.0,0.0008893254650756717,1.0,0.36942389923334124,0.8930000066757202,0.1630149781703949,0.20817548036575317,0.6288095712661743,0.14691494405269623,0.21405600011348724,0.6390290260314941
193.0,0.000886303948238492,1.0,0.35807262754440305,0.8939999938011169,0.17896899580955505,0.20507992804050446,0.6159510612487793,0.1546381562948227,0.2022409737110138,0.6431208848953247
194.0,0.000796990105882287,1.0,0.3553768033981323,0.8955000042915344,0.18526066839694977,0.2072572261095047,0.6074821352958679,0.1564236581325531,0.20076994597911835,0.6428064107894897
195.0,0.0006529838507995009,1.0,0.3536413571834564,0.8945000171661377,0.18626248836517334,0.21181225776672363,0.601925253868103,0.15754355490207672,0.20541024208068848,0.6370461583137512
196.0,0.0006040539611130953,1.0,0.35435980242490767,0.8960000276565552,0.18817538022994995,0.21616433560848236,0.5956602692604065,0.16125348210334778,0.21074554324150085,0.6280009746551514
197.0,0.0005509882657788694,1.0,0.3552986911535263,0.8960000276565552,0.18882396817207336,0.21504133939743042,0.5961347222328186,0.16311092674732208,0.20936039090156555,0.6275286078453064
198.0,0.0005458751702681184,1.0,0.3549223437309265,0.8949999809265137,0.19329287111759186,0.21407264471054077,0.5926344394683838,0.16892574727535248,0.20679205656051636,0.6242822408676147
199.0,0.000615018967539072,1.0,0.35306737315654757,0.8955000042915344,0.19629481434822083,0.2188449651002884,0.5848602056503296,0.17176061868667603,0.211807519197464,0.6164318919181824
200.0,0.0005494108451530338,1.0,0.3510074902176857,0.8960000276565552,0.19524651765823364,0.2220250964164734,0.582728385925293,0.1702985018491745,0.21588632464408875,0.613815188407898
201.0,0.0004902780298143625,1.0,0.3495952256321907,0.8945000171661377,0.19876231253147125,0.21561889350414276,0.585618793964386,0.1776706576347351,0.2007708102464676,0.6215584874153137
202.0,0.0005045245513319969,1.0,0.3507792066931725,0.8945000171661377,0.2035646140575409,0.21599093079566956,0.5804445147514343,0.18347840011119843,0.19936463236808777,0.617156982421875
203.0,0.000488882290199399,1.0,0.35208862909674643,0.8949999809265137,0.20668840408325195,0.21765188872814178,0.5756596922874451,0.18558070063591003,0.19990096986293793,0.6145182847976685
204.0,0.00048457473423331975,1.0,0.35339490747451785,0.8949999809265137,0.20823125541210175,0.21827484667301178,0.5734938979148865,0.18630029261112213,0.19810841977596283,0.615591287612915
205.0,0.00047900563571602107,1.0,0.3537052399516106,0.8955000042915344,0.2109425663948059,0.21760332584381104,0.5714541077613831,0.1895686537027359,0.19609707593917847,0.6143342852592468
206.0,0.0004944095006212592,1.0,0.35521587532758714,0.8955000042915344,0.21351364254951477,0.2199152559041977,0.5665711164474487,0.19286102056503296,0.1978355497121811,0.6093034744262695
207.0,0.0004578641327098012,1.0,0.3542529036104679,0.8945000171661377,0.21490110456943512,0.2197583019733429,0.5653405785560608,0.1951664388179779,0.19759516417980194,0.6072384119033813
208.0,0.0004125347286462784,1.0,0.3532956715226173,0.8964999914169312,0.2147849053144455,0.2182881385087967,0.5669269561767578,0.19535492360591888,0.19651103019714355,0.6081340312957764
209.0,0.0004039695146493614,1.0,0.3528072368204594,0.8964999914169312,0.2149091362953186,0.21972528100013733,0.5653656125068665,0.1956293135881424,0.19808132946491241,0.6062893867492676
210.0,0.0004262298829853535,1.0,0.3534521380364895,0.8949999809265137,0.21681363880634308,0.22191467881202698,0.5612717270851135,0.19822704792022705,0.20055325329303741,0.6012197136878967
211.0,0.00047176083363592624,1.0,0.3539014365971088,0.8955000042915344,0.2188180834054947,0.22442978620529175,0.5567521452903748,0.2007417380809784,0.20353882014751434,0.5957194566726685
212.0,0.0005016390467062592,1.0,0.35414310908317564,0.8949999809265137,0.21924884617328644,0.2262895256280899,0.554461658000946,0.20166970789432526,0.20612969994544983,0.5922006368637085
213.0,0.0003743740781210363,1.0,0.34804163801670074,0.8955000042915344,0.2185698300600052,0.21974952518939972,0.5616806745529175,0.20182427763938904,0.1957377791404724,0.6024379134178162
214.0,0.0003635229826904833,1.0,0.34636639830470084,0.8960000276565552,0.21979446709156036,0.21388274431228638,0.5663227438926697,0.20348691940307617,0.18834075331687927,0.6081723570823669
215.0,0.00039878793247044087,1.0,0.34656578686833384,0.8949999809265137,0.22321131825447083,0.21466876566410065,0.5621199607849121,0.20785439014434814,0.1889815330505371,0.6031640768051147
216.0,0.0003984677172265947,1.0,0.3444642623364925,0.8955000042915344,0.22226546704769135,0.21913866698741913,0.5585958957672119,0.20821499824523926,0.19377535581588745,0.5980096459388733
217.0,0.00040697047719731925,1.0,0.342618760406971,0.8970000147819519,0.21988187730312347,0.2258133590221405,0.554304838180542,0.20729094743728638,0.2005932629108429,0.5921157598495483
218.0,0.00041365888901054857,1.0,0.3449337430894375,0.8974999785423279,0.22117020189762115,0.22740508615970612,0.5514247417449951,0.2094760686159134,0.20240287482738495,0.5881211161613464
219.0,0.00041579101234674455,1.0,0.34783931490778924,0.8980000019073486,0.22264081239700317,0.2284470498561859,0.5489121675491333,0.2116221934556961,0.20351587235927582,0.5848619341850281
220.0,0.00038763543451204895,1.0,0.3485531233847141,0.8985000252723694,0.2234668880701065,0.2291816771030426,0.5473514199256897,0.21276244521141052,0.20379944145679474,0.5834380388259888
221.0,0.0003946493617258966,1.0,0.3489649615883827,0.8980000019073486,0.22404348850250244,0.23249942064285278,0.5434570908546448,0.2139730602502823,0.2064925730228424,0.5795344114303589
222.0,0.0004085148340091109,1.0,0.34919569769501685,0.8985000252723694,0.22449178993701935,0.23442518711090088,0.5410829782485962,0.2152177393436432,0.20880849659442902,0.5759737491607666
223.0,0.0004699455355294049,1.0,0.3314801418185234,0.8985000252723694,0.20320464670658112,0.24586182832717896,0.5509335398674011,0.18872614204883575,0.2196170538663864,0.5916568040847778
224.0,0.0005068464742507785,1.0,0.33792648968100547,0.8995000123977661,0.19835558533668518,0.23928238451480865,0.5623620748519897,0.19494271278381348,0.20468004047870636,0.6003772616386414
225.0,0.00037244096864014865,1.0,0.345690677344799,0.8970000147819519,0.21048776805400848,0.23243927955627441,0.5570729374885559,0.2102314829826355,0.19458119571208954,0.5951873660087585
226.0,0.000488508053123951,1.0,0.34689519089460374,0.8974999785423279,0.21592135727405548,0.23384317755699158,0.5502354502677917,0.21574833989143372,0.19539479911327362,0.5888568162918091
227.0,0.00036264103511348365,1.0,0.30968751725554466,0.906499981880188,0.2143518477678299,0.22513632476329803,0.5605118274688721,0.1931883543729782,0.1882920116186142,0.61851966381073
228.0,0.0004291548621840775,1.0,0.29549872732162474,0.9100000262260437,0.2037017047405243,0.23150645196437836,0.5647918581962585,0.15868937969207764,0.20217999815940857,0.6391305923461914
229.0,0.0004622624753974378,1.0,0.3121429656147957,0.9035000205039978,0.20488974452018738,0.241062730550766,0.5540474653244019,0.16074110567569733,0.2178841233253479,0.6213748455047607
230.0,0.0003643541627097875,1.0,0.3162424638867378,0.9014999866485596,0.2110620141029358,0.23067434132099152,0.5582636594772339,0.17222674190998077,0.209284245967865,0.6184890270233154
231.0,0.0003757579626981169,1.0,0.31597384414076807,0.9024999737739563,0.2164011299610138,0.22112277150154114,0.5624760985374451,0.18197757005691528,0.2007683962583542,0.6172540187835693
232.0,0.00036006642691791056,1.0,0.3179927352964878,0.9035000205039978,0.2207203060388565,0.2212110012769699,0.5580687522888184,0.1866060197353363,0.20123060047626495,0.6121633052825928
233.0,0.0003642790918238461,1.0,0.32019879373908045,0.9035000205039978,0.22370238602161407,0.22504428029060364,0.5512533187866211,0.19056658446788788,0.2059382200241089,0.603495180606842
234.0,0.0003853716659359634,1.0,0.32868116548657417,0.9035000205039978,0.22681240737438202,0.22521698474884033,0.5479705929756165,0.19329391419887543,0.19787490367889404,0.6088311672210693
235.0,0.0003829239602200687,1.0,0.334282380849123,0.9024999737739563,0.22868667542934418,0.22604987025260925,0.545263409614563,0.1952756643295288,0.19613653421401978,0.6085878014564514
236.0,0.00034193838387727737,1.0,0.33579818350076673,0.9020000100135803,0.22997799515724182,0.22656498849391937,0.54345703125,0.19734331965446472,0.19576071202754974,0.606895923614502
237.0,0.003673264548648149,0.9994999766349792,0.3163948994576931,0.9045000076293945,0.20580872893333435,0.23122404515743256,0.5629671812057495,0.18351003527641296,0.19784528017044067,0.6186447143554688
238.0,0.0052601581390481445,0.9990000128746033,0.32311144402623176,0.9020000100135803,0.1969536989927292,0.2253924012184143,0.5776539444923401,0.1738368272781372,0.19322556257247925,0.6329376101493835
239.0,0.0019854282210581007,0.9990000128746033,0.3580721365213394,0.8964999914169312,0.2033824622631073,0.20568454265594482,0.5909329652786255,0.18275536596775055,0.18395021557807922,0.6332944631576538
240.0,0.002627283682115376,0.9994999766349792,0.39155132350325583,0.890999972820282,0.19869732856750488,0.22789715230464935,0.5734055042266846,0.16110074520111084,0.20854081213474274,0.6303583979606628
241.0,0.0008992612522561104,1.0,0.4242688858807087,0.8924999833106995,0.1826501041650772,0.1900133490562439,0.6273365616798401,0.13531285524368286,0.183414489030838,0.6812726855278015
242.0,0.0003967026877216995,1.0,0.41084831389784815,0.8960000276565552,0.2000996470451355,0.19672316312789917,0.6031771898269653,0.14829905331134796,0.1956169307231903,0.6560840010643005
243.0,0.0004400844657793641,1.0,0.40445505356788636,0.8949999809265137,0.20918963849544525,0.17145153880119324,0.6193587779998779,0.15550418198108673,0.18489012122154236,0.6596057415008545
244.0,0.0005422493773512543,1.0,0.40139716520905494,0.8980000019073486,0.2128739356994629,0.16421441733837128,0.6229116320610046,0.15608742833137512,0.18571271002292633,0.6581998467445374
245.0,0.00040790911531075837,1.0,0.39640698590874673,0.8995000123977661,0.21151353418827057,0.17100372910499573,0.6174826622009277,0.152616947889328,0.1960647851228714,0.6513182520866394
246.0,0.00035932945809327065,1.0,0.3892489720880985,0.9020000100135803,0.20664681494235992,0.1816476434469223,0.611705482006073,0.1494988650083542,0.20548951625823975,0.6450116038322449
247.0,0.0003699239087291062,1.0,0.3834253880679607,0.9039999842643738,0.21066753566265106,0.18853463232517242,0.6007978320121765,0.15728072822093964,0.208095982670784,0.6346232891082764
248.0,0.000392726072575897,1.0,0.37915670938789847,0.902999997138977,0.21626436710357666,0.19349953532218933,0.5902360677719116,0.16691619157791138,0.20891818404197693,0.6241655945777893
249.0,0.0003978740302845836,1.0,0.37619422033429145,0.9039999842643738,0.22025229036808014,0.1976119726896286,0.5821357369422913,0.17306332290172577,0.21196044981479645,0.614976167678833
250.0,0.00039607035322114823,1.0,0.37432053439319135,0.9045000076293945,0.22260087728500366,0.2017935961484909,0.5756055116653442,0.17668309807777405,0.2156648188829422,0.6076521277427673
